-- phpMyAdmin SQL Dump
-- version 4.5.2
-- http://www.phpmyadmin.net
--
-- Host: localhost
-- Generation Time: Oct 14, 2016 at 09:45 
-- Server version: 10.1.13-MariaDB
-- PHP Version: 7.0.8

SET SQL_MODE = "NO_AUTO_VALUE_ON_ZERO";
SET time_zone = "+00:00";


/*!40101 SET @OLD_CHARACTER_SET_CLIENT=@@CHARACTER_SET_CLIENT */;
/*!40101 SET @OLD_CHARACTER_SET_RESULTS=@@CHARACTER_SET_RESULTS */;
/*!40101 SET @OLD_COLLATION_CONNECTION=@@COLLATION_CONNECTION */;
/*!40101 SET NAMES utf8mb4 */;

--
-- Database: `dumbudb`
--

-- --------------------------------------------------------

--
-- Table structure for table `clients`
--

CREATE TABLE `clients` (
  `user_id` int(20) NOT NULL,
  `credit_card_number` varchar(16) DEFAULT NULL,
  `credit_card_status_id` int(1) DEFAULT NULL,
  `credit_card_cvc` varchar(3) DEFAULT NULL,
  `credit_card_name` varchar(100) DEFAULT NULL,
  `pay_day` int(1) DEFAULT NULL,
  `insta_id` varchar(50) DEFAULT NULL,
  `insta_followers_ini` int(20) DEFAULT NULL,
  `insta_following` int(20) DEFAULT NULL,
  `foults` tinyint(4) DEFAULT NULL,
  `last_access` timestamp NULL DEFAULT NULL
) ENGINE=InnoDB DEFAULT CHARSET=latin1;

--
-- Dumping data for table `clients`
--

INSERT INTO `clients` (`user_id`, `credit_card_number`, `credit_card_status_id`, `credit_card_cvc`, `credit_card_name`, `pay_day`, `insta_id`, `insta_followers_ini`, `insta_following`, `foults`, `last_access`) VALUES
(1, NULL, NULL, NULL, NULL, NULL, '3916799608', 5, 28, 0, '2016-10-14 08:28:19'),
(2, NULL, NULL, NULL, NULL, NULL, '3858629065', 40, 68, 0, '2016-10-14 08:22:08'),
(3, NULL, NULL, NULL, NULL, NULL, NULL, 21, 0, 0, NULL),
(5, NULL, NULL, NULL, NULL, NULL, '3271838254', 640, 975, NULL, NULL),
(6, NULL, NULL, NULL, NULL, NULL, '1427864444', 150, 154, NULL, NULL),
(7, NULL, NULL, NULL, NULL, NULL, '308087081', 1924, 195, NULL, NULL);

-- --------------------------------------------------------

--
-- Table structure for table `credit_card_status`
--

CREATE TABLE `credit_card_status` (
  `id` int(1) NOT NULL,
  `name` varchar(30) DEFAULT NULL
) ENGINE=InnoDB DEFAULT CHARSET=latin1;

-- --------------------------------------------------------

--
-- Table structure for table `daily_work`
--

CREATE TABLE `daily_work` (
  `reference_id` int(2) UNSIGNED NOT NULL,
  `to_follow` int(4) DEFAULT NULL,
  `cookies` text COLLATE utf8_bin
) ENGINE=InnoDB DEFAULT CHARSET=utf8 COLLATE=utf8_bin;

--
-- Dumping data for table `daily_work`
--

INSERT INTO `daily_work` (`reference_id`, `to_follow`, `cookies`) VALUES
(1, -2, '[{"path":"/","domain":"www.instagram.com","name":"ig_pr","httpOnly":false,"secure":false,"hCode":100133059,"value":"1","class":"org.openqa.selenium.Cookie"},{"path":"/","domain":"www.instagram.com","name":"ig_vw","httpOnly":false,"secure":false,"hCode":100133250,"value":"1280","class":"org.openqa.selenium.Cookie"},{"path":"/","domain":"www.instagram.com","name":"ds_user_id","httpOnly":false,"secure":false,"hCode":-1959222689,"value":"3916799608","class":"org.openqa.selenium.Cookie"},{"path":"/","domain":"www.instagram.com","name":"mid","httpOnly":false,"secure":false,"hCode":108104,"value":"WAAddwAEAAEMKGhqTjV-yletg8xJ","class":"org.openqa.selenium.Cookie"},{"path":"/","domain":"www.instagram.com","name":"sessionid","httpOnly":true,"secure":false,"hCode":607797809,"value":"IGSC4792b474e4d801efc75a7ab8c6e807b96b40ed0eb1be98e6673b4b1fa3d1a6b1%3AfwIqxOQsDRPCjFdi0ARNLrwjSPocCzNW%3A%7B%22_token_ver%22%3A2%2C%22_auth_user_id%22%3A3916799608%2C%22_token%22%3A%223916799608%3AGLX5Y4Kgt2PHL45HsuJNLUOePx0hOWcZ%3A4c928bdf2e5a6daa4d08640db37a20e05f7288fde56907ed4f72e6f5cada2196%22%2C%22_auth_user_backend%22%3A%22accounts.backends.CaseInsensitiveModelBackend%22%2C%22last_refreshed%22%3A1476402557.185529%2C%22_platform%22%3A4%2C%22_auth_user_hash%22%3A%22%22%7D","class":"org.openqa.selenium.Cookie"},{"path":"/","domain":"www.instagram.com","name":"csrftoken","httpOnly":false,"secure":false,"hCode":1137279445,"value":"na1ilFbXNZKVZRnr4hFuC2nw8qUfY0yO","class":"org.openqa.selenium.Cookie"}]'),
(2, -2, '[{"path":"/","domain":"www.instagram.com","name":"ig_pr","httpOnly":false,"secure":false,"hCode":100133059,"value":"1","class":"org.openqa.selenium.Cookie"},{"path":"/","domain":"www.instagram.com","name":"ig_vw","httpOnly":false,"secure":false,"hCode":100133250,"value":"1280","class":"org.openqa.selenium.Cookie"},{"path":"/","domain":"www.instagram.com","name":"ds_user_id","httpOnly":false,"secure":false,"hCode":-1959222689,"value":"3916799608","class":"org.openqa.selenium.Cookie"},{"path":"/","domain":"www.instagram.com","name":"mid","httpOnly":false,"secure":false,"hCode":108104,"value":"WAAddwAEAAEMKGhqTjV-yletg8xJ","class":"org.openqa.selenium.Cookie"},{"path":"/","domain":"www.instagram.com","name":"sessionid","httpOnly":true,"secure":false,"hCode":607797809,"value":"IGSC4792b474e4d801efc75a7ab8c6e807b96b40ed0eb1be98e6673b4b1fa3d1a6b1%3AfwIqxOQsDRPCjFdi0ARNLrwjSPocCzNW%3A%7B%22_token_ver%22%3A2%2C%22_auth_user_id%22%3A3916799608%2C%22_token%22%3A%223916799608%3AGLX5Y4Kgt2PHL45HsuJNLUOePx0hOWcZ%3A4c928bdf2e5a6daa4d08640db37a20e05f7288fde56907ed4f72e6f5cada2196%22%2C%22_auth_user_backend%22%3A%22accounts.backends.CaseInsensitiveModelBackend%22%2C%22last_refreshed%22%3A1476402557.185529%2C%22_platform%22%3A4%2C%22_auth_user_hash%22%3A%22%22%7D","class":"org.openqa.selenium.Cookie"},{"path":"/","domain":"www.instagram.com","name":"csrftoken","httpOnly":false,"secure":false,"hCode":1137279445,"value":"na1ilFbXNZKVZRnr4hFuC2nw8qUfY0yO","class":"org.openqa.selenium.Cookie"}]'),
(3, -2, '[{"path":"/","domain":"www.instagram.com","name":"ig_pr","httpOnly":false,"secure":false,"hCode":100133059,"value":"1","class":"org.openqa.selenium.Cookie"},{"path":"/","domain":"www.instagram.com","name":"ig_vw","httpOnly":false,"secure":false,"hCode":100133250,"value":"1280","class":"org.openqa.selenium.Cookie"},{"path":"/","domain":"www.instagram.com","name":"ds_user_id","httpOnly":false,"secure":false,"hCode":-1959222689,"value":"3916799608","class":"org.openqa.selenium.Cookie"},{"path":"/","domain":"www.instagram.com","name":"mid","httpOnly":false,"secure":false,"hCode":108104,"value":"WAAddwAEAAEMKGhqTjV-yletg8xJ","class":"org.openqa.selenium.Cookie"},{"path":"/","domain":"www.instagram.com","name":"sessionid","httpOnly":true,"secure":false,"hCode":607797809,"value":"IGSC4792b474e4d801efc75a7ab8c6e807b96b40ed0eb1be98e6673b4b1fa3d1a6b1%3AfwIqxOQsDRPCjFdi0ARNLrwjSPocCzNW%3A%7B%22_token_ver%22%3A2%2C%22_auth_user_id%22%3A3916799608%2C%22_token%22%3A%223916799608%3AGLX5Y4Kgt2PHL45HsuJNLUOePx0hOWcZ%3A4c928bdf2e5a6daa4d08640db37a20e05f7288fde56907ed4f72e6f5cada2196%22%2C%22_auth_user_backend%22%3A%22accounts.backends.CaseInsensitiveModelBackend%22%2C%22last_refreshed%22%3A1476402557.185529%2C%22_platform%22%3A4%2C%22_auth_user_hash%22%3A%22%22%7D","class":"org.openqa.selenium.Cookie"},{"path":"/","domain":"www.instagram.com","name":"csrftoken","httpOnly":false,"secure":false,"hCode":1137279445,"value":"na1ilFbXNZKVZRnr4hFuC2nw8qUfY0yO","class":"org.openqa.selenium.Cookie"}]'),
(4, 0, '[{"path":"/","domain":"www.instagram.com","name":"ig_pr","httpOnly":false,"secure":false,"hCode":100133059,"value":"1","class":"org.openqa.selenium.Cookie"},{"path":"/","domain":"www.instagram.com","name":"ig_vw","httpOnly":false,"secure":false,"hCode":100133250,"value":"1280","class":"org.openqa.selenium.Cookie"},{"path":"/","domain":"www.instagram.com","name":"ds_user_id","httpOnly":false,"secure":false,"hCode":-1959222689,"value":"3858629065","class":"org.openqa.selenium.Cookie"},{"path":"/","domain":"www.instagram.com","name":"mid","httpOnly":false,"secure":false,"hCode":108104,"value":"WAAdhAAEAAHUlPlnD_zOaVaaBk4U","class":"org.openqa.selenium.Cookie"},{"path":"/","domain":"www.instagram.com","name":"sessionid","httpOnly":true,"secure":false,"hCode":607797809,"value":"IGSC7951727933a8db5cbf44f36ba2243de9774d84d13fc60d8b87984337b8984a6c%3AceZR2pejS5ReHVY6gbnZ8XRNWa8K99EZ%3A%7B%22_token_ver%22%3A2%2C%22_auth_user_id%22%3A3858629065%2C%22_token%22%3A%223858629065%3A0bUS4cuXFyBw7io6KSBRwLRM3sfTGK4c%3A6b3f12a7318fdc7884136980e9c45e15d54cf6dde71db4ac8467168b8fa1d774%22%2C%22_auth_user_backend%22%3A%22accounts.backends.CaseInsensitiveModelBackend%22%2C%22last_refreshed%22%3A1476402569.322751%2C%22_platform%22%3A4%2C%22_auth_user_hash%22%3A%22%22%7D","class":"org.openqa.selenium.Cookie"},{"path":"/","domain":"www.instagram.com","name":"csrftoken","httpOnly":false,"secure":false,"hCode":1137279445,"value":"I1mgmfJYDpzWaD1Qd8jX7IJcW2NEzuSS","class":"org.openqa.selenium.Cookie"}]'),
(5, 0, '[{"path":"/","domain":"www.instagram.com","name":"ig_pr","httpOnly":false,"secure":false,"hCode":100133059,"value":"1","class":"org.openqa.selenium.Cookie"},{"path":"/","domain":"www.instagram.com","name":"ig_vw","httpOnly":false,"secure":false,"hCode":100133250,"value":"1280","class":"org.openqa.selenium.Cookie"},{"path":"/","domain":"www.instagram.com","name":"ds_user_id","httpOnly":false,"secure":false,"hCode":-1959222689,"value":"3858629065","class":"org.openqa.selenium.Cookie"},{"path":"/","domain":"www.instagram.com","name":"mid","httpOnly":false,"secure":false,"hCode":108104,"value":"WAAdhAAEAAHUlPlnD_zOaVaaBk4U","class":"org.openqa.selenium.Cookie"},{"path":"/","domain":"www.instagram.com","name":"sessionid","httpOnly":true,"secure":false,"hCode":607797809,"value":"IGSC7951727933a8db5cbf44f36ba2243de9774d84d13fc60d8b87984337b8984a6c%3AceZR2pejS5ReHVY6gbnZ8XRNWa8K99EZ%3A%7B%22_token_ver%22%3A2%2C%22_auth_user_id%22%3A3858629065%2C%22_token%22%3A%223858629065%3A0bUS4cuXFyBw7io6KSBRwLRM3sfTGK4c%3A6b3f12a7318fdc7884136980e9c45e15d54cf6dde71db4ac8467168b8fa1d774%22%2C%22_auth_user_backend%22%3A%22accounts.backends.CaseInsensitiveModelBackend%22%2C%22last_refreshed%22%3A1476402569.322751%2C%22_platform%22%3A4%2C%22_auth_user_hash%22%3A%22%22%7D","class":"org.openqa.selenium.Cookie"},{"path":"/","domain":"www.instagram.com","name":"csrftoken","httpOnly":false,"secure":false,"hCode":1137279445,"value":"I1mgmfJYDpzWaD1Qd8jX7IJcW2NEzuSS","class":"org.openqa.selenium.Cookie"}]');

-- --------------------------------------------------------

--
-- Table structure for table `followed`
--

CREATE TABLE `followed` (
  `id` int(20) NOT NULL,
  `followed_id` varchar(20) NOT NULL,
  `client_id` int(20) NOT NULL,
  `reference_id` int(1) NOT NULL,
  `requested` tinyint(1) NOT NULL,
  `date` int(11) DEFAULT NULL,
  `unfollowed` tinyint(1) NOT NULL
) ENGINE=InnoDB DEFAULT CHARSET=latin1;

--
-- Dumping data for table `followed`
--

INSERT INTO `followed` (`id`, `followed_id`, `client_id`, `reference_id`, `requested`, `date`, `unfollowed`) VALUES
(2, '1900420218', 2, 5, 0, 1000, 1),
(4, '1900420218', 2, 5, 1, 2000, 1),
(5, '4025599410', 1, 1, 1, 1476030679, 1),
(6, '4024797792', 1, 1, 0, 1476031138, 1),
(7, '4024277275', 1, 1, 0, 1000, 1),
(8, '3146259658', 1, 1, 0, 1476031149, 1),
(9, '1815727721', 1, 1, 0, 1476034343, 1),
(10, '1447433920', 1, 1, 0, 1476034343, 1),
(11, '3896327995', 1, 1, 0, 1476034343, 1),
(12, '2253780266', 1, 1, 0, 1476034683, 1),
(13, '2348248438', 1, 1, 0, 1476034683, 1),
(14, '1958693556', 1, 1, 0, 1476034683, 1),
(15, '2348248438', 1, 2, 0, 1476034699, 1),
(16, '1958693556', 1, 2, 0, 1476034699, 1),
(17, '3998275082', 1, 2, 0, 1476034699, 1),
(18, '2001674511', 1, 2, 0, 1476034699, 1),
(19, '232528302', 1, 2, 0, 1476034699, 1),
(20, '1958693556', 1, 3, 0, 1476034715, 1),
(21, '3998275082', 1, 3, 0, 1476034715, 1),
(22, '2001674511', 1, 3, 0, 1476034715, 1),
(23, '232528302', 1, 3, 0, 1476034715, 1),
(24, '4012735460', 1, 3, 0, 1476034715, 1),
(25, '4022160186', 1, 3, 0, 1476034715, 1),
(26, '3511253298', 1, 3, 0, 1476034715, 1),
(27, '3998275082', 1, 1, 0, 1476034730, 1),
(28, '2001674511', 1, 1, 0, 1476034730, 1),
(29, '232528302', 1, 1, 0, 1476034730, 1),
(30, '4012735460', 1, 1, 0, 1476034731, 1),
(31, '4022160186', 1, 1, 0, 1476034731, 1),
(32, '3511253298', 1, 1, 0, 1476034731, 1),
(33, '4019718604', 1, 1, 0, 1476034731, 1),
(34, '2543385709', 1, 1, 0, 1476034731, 1),
(35, '3755535401', 1, 1, 0, 1476034731, 1),
(36, '2001674511', 1, 2, 0, 1476034752, 1),
(37, '232528302', 1, 2, 0, 1476034753, 1),
(38, '4012735460', 1, 2, 0, 1476034753, 1),
(39, '4022160186', 1, 2, 0, 1476034753, 1),
(40, '3511253298', 1, 2, 0, 1476034753, 1),
(41, '4019718604', 1, 2, 0, 1476034753, 1),
(42, '2543385709', 1, 2, 0, 1476034753, 1),
(43, '3755535401', 1, 2, 0, 1476034753, 1),
(44, '2955734666', 1, 2, 0, 1476034753, 1),
(45, '4020974321', 1, 2, 0, 1476034753, 1),
(46, '2177804811', 1, 2, 0, 1476034753, 1),
(47, '4024589436', 1, 1, 0, 1476035383, 1),
(48, '4024405683', 1, 1, 0, 1476035394, 1),
(49, '4023482218', 1, 1, 0, 1476035396, 1),
(50, '2278679864', 1, 1, 0, 1476035620, 1),
(51, '2219128911', 1, 1, 0, 1476035620, 1),
(52, '1314162170', 1, 1, 0, 1476035620, 1),
(53, '2219128911', 1, 2, 0, 1476035641, 1),
(54, '1314162170', 1, 2, 0, 1476035641, 1),
(55, '2216364847', 1, 2, 0, 1476035641, 1),
(56, '3546774464', 1, 2, 0, 1476035641, 1),
(57, '3036705736', 1, 2, 0, 1476035641, 1),
(58, '1314162170', 1, 3, 0, 1476035657, 1),
(59, '2216364847', 1, 3, 0, 1476035657, 1),
(60, '3546774464', 1, 3, 0, 1476035657, 1),
(61, '3036705736', 1, 3, 0, 1476035657, 1),
(62, '3671274818', 1, 3, 0, 1476035657, 1),
(63, '562511441', 1, 3, 0, 1476035657, 1),
(64, '3989397196', 1, 3, 0, 1476035657, 1),
(65, '2216364847', 1, 1, 0, 1476035673, 1),
(66, '3546774464', 1, 1, 0, 1476035673, 1),
(67, '3036705736', 1, 1, 0, 1476035673, 1),
(68, '3671274818', 1, 1, 0, 1476035673, 1),
(69, '562511441', 1, 1, 0, 1476035673, 1),
(70, '3989397196', 1, 1, 0, 1476035673, 1),
(71, '197287344', 1, 1, 0, 1476035673, 1),
(72, '180961582', 1, 1, 0, 1476035673, 1),
(73, '4025493123', 1, 1, 0, 1476035673, 1),
(74, '3546774464', 1, 2, 0, 1476035689, 1),
(75, '3036705736', 1, 2, 0, 1476035690, 1),
(76, '3671274818', 1, 2, 0, 1476035690, 1),
(77, '562511441', 1, 2, 0, 1476035690, 1),
(78, '3989397196', 1, 2, 0, 1476035690, 1),
(79, '197287344', 1, 2, 0, 1476035690, 1),
(80, '180961582', 1, 2, 0, 1476035690, 1),
(81, '4025493123', 1, 2, 0, 1476035690, 1),
(82, '2951988435', 1, 2, 0, 1476035690, 1),
(83, '3964845882', 1, 2, 0, 1476035690, 1),
(84, '49572024', 1, 2, 0, 1476035690, 1),
(85, '1354533584', 1, 3, 0, 1476212715, 1),
(86, '180961582', 1, 3, 0, 1476212736, 1),
(87, '3964845882', 1, 3, 0, 1476212740, 1),
(88, '4024589436', 1, 2, 0, 1476212924, 1),
(89, '3998275082', 1, 2, 0, 1476212924, 1),
(90, '2543385709', 1, 2, 0, 1476212924, 1),
(91, '2543385709', 1, 1, 0, 1476213038, 1),
(92, '4022206805', 1, 1, 0, 1476213094, 1),
(93, '3979086836', 1, 1, 0, 1476213094, 1),
(94, '3979693225', 1, 1, 0, 1476213094, 1),
(95, '4024589436', 1, 3, 0, 1476214702, 1),
(96, '3978039348', 1, 3, 0, 1476214702, 1),
(97, '3989397196', 1, 3, 0, 1476215498, 1),
(98, '180961582', 1, 3, 0, 1476215498, 1),
(99, '3989397196', 1, 2, 0, 1476220159, 1),
(100, '1354533584', 1, 1, 0, 1476220754, 1),
(101, '180961582', 1, 1, 0, 1476220754, 1),
(102, '3964845882', 1, 1, 0, 1476220754, 1),
(103, '4024589436', 1, 1, 0, 1476220972, 1),
(104, '3998275082', 1, 1, 0, 1476220972, 1),
(105, '2543385709', 1, 1, 0, 1476220972, 1),
(106, '4022206805', 1, 2, 0, 1476221288, 1),
(107, '3979086836', 1, 2, 0, 1476221288, 1),
(108, '3979693225', 1, 2, 0, 1476221288, 1),
(109, '3884609213', 2, 4, 0, 1476222276, 1),
(110, '2109666555', 2, 4, 0, 1476222276, 1),
(111, '1143156548', 2, 4, 0, 1476222276, 1),
(112, '3978926618', 2, 5, 0, 1476222319, 1),
(113, '3989397196', 1, 1, 0, 1476223026, 1),
(114, '4024589436', 1, 1, 0, 1476223026, 1),
(115, '180961582', 1, 2, 0, 1476223042, 1),
(116, '3989397196', 1, 1, 0, 1476290150, 1),
(117, '180961582', 1, 1, 0, 1476290150, 1),
(118, '3964845882', 1, 1, 0, 1476290151, 1),
(119, '1354533584', 1, 2, 0, 1476290170, 1),
(120, '3998275082', 1, 2, 0, 1476290170, 1),
(121, '2543385709', 1, 2, 0, 1476290170, 1),
(122, '4024589436', 1, 1, 0, 1476322444, 1),
(123, '3979086836', 1, 1, 0, 1476322444, 1),
(124, '3979693225', 1, 1, 0, 1476322444, 1),
(125, '3989397196', 1, 2, 0, 1476322462, 1),
(126, '4024589436', 1, 2, 0, 1476322462, 1),
(127, '4022206805', 1, 2, 0, 1476322462, 1),
(128, '3989397196', 1, 3, 0, 1476322482, 1),
(129, '180961582', 1, 3, 0, 1476322482, 1),
(130, '3978039348', 1, 3, 0, 1476322482, 1),
(131, '1354533584', 1, 1, 0, 1476322663, 1),
(132, '3964845882', 1, 1, 0, 1476322663, 1),
(133, '3998275082', 1, 1, 0, 1476322663, 1),
(134, '2543385709', 1, 1, 0, 1476322914, 1),
(135, '2996680264', 1, 3, 0, 1476329858, 0),
(136, '1480450835', 1, 3, 0, 1476329858, 0),
(137, '4034182814', 1, 3, 0, 1476329858, 0),
(138, '3529698676', 1, 3, 0, 1476329859, 0),
(139, '1705219385', 1, 3, 0, 1476329859, 0),
(140, '585222779', 1, 3, 0, 1476329859, 0),
(141, '4036003378', 1, 3, 0, 1476329859, 0),
(142, '869296048', 1, 3, 0, 1476329859, 0),
(143, '4006600769', 1, 3, 0, 1476329859, 0),
(144, '1071442374', 1, 3, 0, 1476329859, 0),
(145, '1983299446', 1, 2, 0, 1476329869, 0),
(146, '1561380097', 1, 2, 0, 1476329869, 0),
(147, '416413888', 1, 2, 0, 1476329869, 0),
(148, '4006396279', 1, 2, 0, 1476329869, 0),
(149, '522138511', 1, 2, 0, 1476329869, 0),
(150, '3987923588', 1, 2, 0, 1476329869, 0),
(151, '4035301326', 1, 2, 0, 1476329869, 0),
(152, '260599198', 1, 2, 0, 1476329869, 0),
(153, '4037110874', 1, 2, 0, 1476329869, 0),
(154, '3558357551', 1, 2, 0, 1476329869, 0),
(155, '4037544813', 1, 1, 0, 1476329879, 0),
(156, '3484070578', 1, 1, 0, 1476329880, 0),
(157, '1367846551', 1, 1, 0, 1476329880, 0),
(158, '3059791825', 1, 1, 0, 1476329880, 0),
(159, '2126893893', 1, 1, 0, 1476329880, 0),
(160, '302686293', 1, 1, 0, 1476329880, 0),
(161, '4036642186', 1, 1, 0, 1476329880, 0),
(162, '4034249944', 1, 1, 0, 1476329880, 0),
(163, '1482336015', 1, 1, 0, 1476329880, 0),
(164, '458617711', 1, 1, 0, 1476329880, 0),
(165, '3117748458', 1, 3, 0, 1476331008, 0),
(166, '1387113908', 1, 3, 0, 1476331008, 0),
(167, '144651352', 1, 3, 0, 1476331008, 0),
(168, '3601761877', 1, 2, 0, 1476331011, 0),
(169, '1441327829', 1, 2, 0, 1476331011, 0),
(170, '6384127', 1, 2, 0, 1476331011, 0),
(171, '2260463774', 1, 1, 0, 1476331014, 0),
(172, '1976709740', 1, 1, 0, 1476331014, 0),
(173, '2105800495', 1, 1, 0, 1476331014, 0),
(174, '2063872974', 1, 2, 0, 1476331864, 0),
(175, '2946141457', 1, 2, 0, 1476331864, 0),
(176, '2202912611', 1, 2, 0, 1476331864, 0),
(177, '3401813996', 1, 1, 0, 1476331867, 0),
(178, '3236575945', 1, 1, 0, 1476331867, 0),
(179, '2346855408', 1, 1, 0, 1476331867, 0),
(180, '4036563517', 1, 3, 0, 1476331870, 0),
(181, '720501904', 1, 3, 0, 1476331870, 0),
(182, '279413822', 1, 3, 0, 1476331870, 0),
(183, '991183339', 1, 2, 0, 1476331942, 0),
(184, '1752649423', 1, 2, 0, 1476331942, 0),
(185, '1809561229', 1, 2, 0, 1476331942, 0),
(186, '4025213008', 1, 3, 0, 1476331945, 0),
(187, '4034003557', 1, 3, 0, 1476331945, 0),
(188, '4038147477', 1, 3, 0, 1476331945, 0),
(189, '2206230062', 1, 1, 0, 1476331949, 0),
(190, '2345985101', 1, 1, 0, 1476331949, 0),
(191, '1919898706', 1, 1, 0, 1476331949, 0),
(192, '616341579', 1, 2, 0, 1476332025, 0),
(193, '3622736618', 1, 2, 0, 1476332025, 0),
(194, '449865053', 1, 2, 0, 1476332025, 0),
(195, '2193206380', 1, 3, 0, 1476332028, 0),
(196, '4032396112', 1, 3, 0, 1476332028, 0),
(197, '4036798566', 1, 3, 0, 1476332028, 0),
(198, '4031842955', 1, 1, 0, 1476332031, 0),
(199, '2111730305', 1, 1, 0, 1476332031, 0),
(200, '2201452384', 1, 1, 0, 1476332031, 0),
(201, '248458890', 1, 2, 0, 1476332232, 0),
(202, '176224897', 1, 2, 0, 1476332232, 0),
(203, '3195309298', 1, 2, 0, 1476332232, 0),
(204, '3542247077', 1, 3, 0, 1476332235, 0),
(205, '465277789', 1, 3, 0, 1476332235, 0),
(206, '3461390419', 1, 3, 0, 1476332235, 0),
(207, '4037277019', 1, 1, 0, 1476332238, 0),
(208, '4035520783', 1, 1, 0, 1476332238, 0),
(209, '3991552629', 1, 1, 0, 1476332238, 0),
(210, '1938428010', 1, 2, 0, 1476332310, 0),
(211, '4031916684', 1, 2, 0, 1476332310, 0),
(212, '469441657', 1, 2, 0, 1476332310, 0),
(213, '4006402603', 1, 3, 0, 1476333909, 0),
(214, '3101018975', 1, 3, 0, 1476333909, 0),
(215, '4034978367', 1, 3, 0, 1476333909, 0),
(216, '1264962794', 1, 1, 0, 1476334016, 0),
(217, '4036596979', 1, 1, 0, 1476334016, 0),
(218, '649629481', 1, 1, 0, 1476334016, 0),
(219, '476621648', 2, 4, 0, 1476334043, 0),
(220, '224168432', 2, 4, 0, 1476334043, 0),
(221, '3995462971', 2, 4, 0, 1476334043, 0),
(222, '274293574', 1, 2, 0, 1476334064, 0),
(223, '1753563883', 1, 2, 0, 1476334064, 0),
(224, '2968734330', 1, 2, 0, 1476334065, 0),
(225, '4007116043', 2, 5, 0, 1476334084, 0),
(226, '4024864862', 2, 5, 0, 1476334084, 0),
(227, '4034408900', 2, 5, 0, 1476334084, 0),
(228, '1399128491', 1, 3, 0, 1476334108, 0),
(229, '4035167019', 1, 3, 0, 1476334108, 0),
(230, '586374072', 1, 3, 0, 1476334108, 0),
(231, '991957183', 1, 1, 0, 1476334143, 0),
(232, '3494355960', 1, 1, 0, 1476334143, 0),
(233, '4036016328', 1, 1, 0, 1476334143, 0),
(234, '2253716940', 2, 4, 0, 1476334169, 0),
(235, '7806815', 2, 4, 0, 1476334169, 0),
(236, '3301768430', 2, 4, 0, 1476334169, 0),
(237, '1041625311', 1, 2, 0, 1476334190, 0),
(238, '2930970571', 1, 2, 0, 1476334190, 0),
(239, '254133600', 1, 2, 0, 1476334190, 0),
(240, '3628084936', 2, 5, 0, 1476334211, 0),
(241, '3283913459', 2, 5, 0, 1476334211, 0),
(242, '686124809', 2, 5, 0, 1476334211, 0),
(243, '4020996349', 1, 3, 0, 1476334230, 0),
(244, '4023998331', 1, 3, 0, 1476334230, 0),
(245, '176055939', 1, 3, 0, 1476334230, 0),
(246, '4037349982', 1, 1, 0, 1476334257, 0),
(247, '2265230004', 1, 1, 0, 1476334257, 0),
(248, '3966313536', 1, 1, 0, 1476334257, 0),
(249, '454391853', 2, 4, 0, 1476334274, 0),
(250, '3220749854', 2, 4, 0, 1476334274, 0),
(251, '194500688', 2, 4, 0, 1476334274, 0),
(252, '1141089129', 1, 2, 0, 1476334290, 0),
(253, '2940490529', 1, 2, 0, 1476334290, 0),
(254, '3935439503', 1, 2, 0, 1476334290, 0),
(255, '4036545829', 2, 5, 0, 1476334418, 0),
(256, '4012445090', 2, 5, 0, 1476334418, 0),
(257, '4035858018', 2, 5, 0, 1476334418, 0),
(258, '574123636', 1, 3, 0, 1476334434, 0),
(259, '4034574106', 1, 3, 0, 1476334434, 0),
(260, '4023925378', 1, 3, 0, 1476334434, 0),
(261, '4036245583', 1, 1, 0, 1476334450, 0),
(262, '4035161056', 1, 1, 0, 1476334450, 0),
(263, '3025009942', 1, 1, 0, 1476334450, 0),
(264, '3999147814', 2, 4, 0, 1476334465, 0),
(265, '3998302645', 2, 4, 0, 1476334465, 0),
(266, '3670436670', 2, 4, 0, 1476334465, 0),
(267, '2363712055', 1, 2, 0, 1476334534, 0),
(268, '1170976133', 1, 2, 0, 1476334534, 0),
(269, '4017300719', 1, 2, 0, 1476334534, 0),
(270, '3581346552', 2, 5, 0, 1476334550, 0),
(271, '3959297280', 2, 5, 0, 1476334550, 0),
(272, '3067070567', 2, 5, 0, 1476334550, 0),
(273, '1930601826', 1, 3, 0, 1476336110, 0),
(274, '4035977970', 1, 3, 0, 1476336110, 0),
(275, '1648379530', 1, 3, 0, 1476336110, 0),
(276, '4020060319', 1, 3, 0, 1476336110, 0),
(277, '2051242370', 1, 3, 0, 1476336110, 0),
(278, '3965904456', 2, 4, 0, 1476336131, 0),
(279, '647500851', 2, 4, 0, 1476336131, 0),
(280, '1380966335', 2, 4, 0, 1476336131, 0),
(281, '1090139826', 2, 4, 0, 1476336131, 0),
(282, '444851426', 2, 4, 0, 1476336131, 0),
(283, '4034606302', 1, 1, 0, 1476336146, 0),
(284, '4034302112', 1, 1, 0, 1476336146, 0),
(285, '3964949702', 1, 1, 0, 1476336146, 0),
(286, '4036742216', 1, 1, 0, 1476336146, 0),
(287, '3868408474', 1, 1, 0, 1476336147, 0),
(288, '4034700254', 2, 5, 0, 1476336163, 0),
(289, '4036618931', 2, 5, 0, 1476336163, 0),
(290, '4036048868', 2, 5, 0, 1476336163, 0),
(291, '4033210105', 2, 5, 0, 1476336163, 0),
(292, '4036205162', 2, 5, 0, 1476336163, 0),
(293, '4034262488', 1, 2, 0, 1476336182, 0),
(294, '3301448455', 1, 2, 0, 1476336182, 0),
(295, '4036373431', 1, 2, 0, 1476336182, 0),
(296, '305866701', 1, 2, 0, 1476336182, 0),
(297, '236244479', 1, 2, 0, 1476336182, 0),
(298, '798111871', 1, 3, 0, 1476336197, 0),
(299, '289855655', 1, 3, 0, 1476336197, 0),
(300, '4035955576', 1, 3, 0, 1476336198, 0),
(301, '4037202607', 1, 3, 0, 1476336198, 0),
(302, '3014497066', 1, 3, 0, 1476336198, 0),
(303, '3940126287', 2, 4, 0, 1476336214, 0),
(304, '804991854', 2, 4, 0, 1476336214, 0),
(305, '351151484', 2, 4, 0, 1476336214, 0),
(306, '185724179', 2, 4, 0, 1476336214, 0),
(307, '3998899571', 2, 4, 0, 1476336214, 0),
(308, '3272671870', 1, 1, 0, 1476336230, 0),
(309, '4037223866', 1, 1, 0, 1476336230, 0),
(310, '394019900', 1, 1, 0, 1476336230, 0),
(311, '1913422334', 1, 1, 0, 1476336230, 0),
(312, '4035985138', 1, 1, 0, 1476336231, 0),
(313, '2341888808', 2, 5, 0, 1476336250, 0),
(314, '2002727122', 2, 5, 0, 1476336250, 0),
(315, '3470580358', 2, 5, 0, 1476336250, 0),
(316, '4035645153', 2, 5, 0, 1476336250, 0),
(317, '4036945024', 2, 5, 0, 1476336250, 0),
(318, '234168695', 1, 2, 0, 1476336267, 0),
(319, '4035635805', 1, 2, 0, 1476336267, 0),
(320, '1505708986', 1, 2, 0, 1476336267, 0),
(321, '3143372524', 1, 2, 0, 1476336268, 0),
(322, '2048771527', 1, 2, 0, 1476336268, 0),
(323, '2233392888', 1, 3, 0, 1476336283, 0),
(324, '3930874624', 1, 3, 0, 1476336283, 0),
(325, '4037944312', 1, 3, 0, 1476336283, 0),
(326, '2095036494', 1, 3, 0, 1476336284, 0),
(327, '4037385212', 1, 3, 0, 1476336284, 0),
(328, '2358327296', 1, 3, 0, 1476336703, 0),
(329, '1757056625', 1, 3, 0, 1476336703, 0),
(330, '4003695484', 1, 3, 0, 1476336703, 0),
(331, '4034418636', 1, 3, 0, 1476336703, 0),
(332, '4022472801', 1, 3, 0, 1476336703, 0),
(333, '3043340726', 1, 3, 0, 1476337068, 0),
(334, '259540477', 1, 3, 0, 1476337068, 0),
(335, '3407341053', 1, 3, 0, 1476337068, 0),
(336, '1332640941', 1, 3, 0, 1476337068, 0),
(337, '3656112841', 1, 3, 0, 1476337068, 0),
(338, '4035717678', 1, 1, 0, 1476337072, 0),
(339, '3981539721', 1, 1, 0, 1476337072, 0),
(340, '4011531136', 1, 1, 0, 1476337072, 0),
(341, '3668672940', 1, 1, 0, 1476337072, 0),
(342, '4031838638', 1, 1, 0, 1476337072, 0),
(343, '4028137257', 2, 4, 0, 1476337090, 0),
(344, '1690955089', 2, 4, 0, 1476337091, 0),
(345, '2301483416', 2, 4, 0, 1476337091, 0),
(346, '367232739', 2, 4, 0, 1476337091, 0),
(347, '325490626', 2, 4, 0, 1476337091, 0),
(348, '3055983449', 2, 5, 0, 1476337108, 0),
(349, '25076844', 2, 5, 0, 1476337108, 0),
(350, '2125658443', 2, 5, 0, 1476337108, 0),
(351, '4033300316', 2, 5, 0, 1476337108, 0),
(352, '3052984384', 2, 5, 0, 1476337108, 0),
(353, '588546516', 1, 2, 0, 1476337655, 0),
(354, '645130516', 1, 2, 0, 1476337655, 0),
(355, '20224096', 1, 2, 0, 1476337655, 0),
(356, '851828111', 1, 3, 0, 1476337669, 0),
(357, '322721942', 1, 3, 0, 1476337669, 0),
(358, '4033358091', 1, 3, 0, 1476337669, 0),
(359, '4036538583', 1, 1, 0, 1476337684, 0),
(360, '4025706511', 1, 1, 0, 1476337684, 0),
(361, '2291538784', 1, 1, 0, 1476337684, 0),
(362, '4036725201', 2, 5, 0, 1476337702, 0),
(363, '1588551998', 2, 5, 0, 1476337702, 0),
(364, '1657795732', 2, 5, 0, 1476337702, 0),
(365, '362365692', 2, 4, 0, 1476337720, 0),
(366, '1160528448', 2, 4, 0, 1476337720, 0),
(367, '210031874', 2, 4, 0, 1476337720, 0),
(368, '1508742306', 1, 2, 0, 1476337795, 0),
(369, '3992246772', 1, 2, 0, 1476337795, 0),
(370, '28171454', 1, 2, 0, 1476337795, 0),
(371, '3433353795', 1, 3, 0, 1476337816, 0),
(372, '2276516981', 1, 3, 0, 1476337816, 0),
(373, '1236661552', 1, 3, 0, 1476337816, 0),
(374, '4035041800', 1, 1, 0, 1476337835, 0),
(375, '4035489469', 1, 1, 0, 1476337835, 0),
(376, '3948107038', 1, 1, 0, 1476337835, 0),
(377, '4036438434', 2, 5, 0, 1476337849, 0),
(378, '4033692299', 2, 5, 0, 1476337849, 0),
(379, '4033262894', 2, 5, 0, 1476337849, 0),
(380, '1438510551', 2, 4, 0, 1476337863, 0),
(381, '190028742', 2, 4, 0, 1476337863, 0),
(382, '1529822213', 2, 4, 0, 1476337863, 0),
(383, '3944948447', 1, 2, 0, 1476337936, 0),
(384, '2373803271', 1, 2, 0, 1476337936, 0),
(385, '464395831', 1, 2, 0, 1476337936, 0),
(386, '4037162020', 1, 3, 0, 1476337950, 0),
(387, '1333399882', 1, 3, 0, 1476337950, 0),
(388, '3656637967', 1, 3, 0, 1476337950, 0),
(389, '1063413066', 1, 1, 0, 1476338024, 0),
(390, '1285105289', 1, 1, 0, 1476338024, 0),
(391, '4035136525', 1, 1, 0, 1476338024, 0),
(392, '4028933914', 2, 5, 0, 1476338039, 0),
(393, '4037403523', 2, 5, 0, 1476338039, 0),
(394, '3854015576', 2, 5, 0, 1476338039, 0),
(395, '4016811753', 2, 4, 0, 1476338053, 0),
(396, '4033778846', 2, 4, 0, 1476338053, 0),
(397, '1004464868', 2, 4, 0, 1476338053, 0),
(398, '4036044160', 1, 2, 0, 1476338128, 0),
(399, '3061251565', 1, 2, 0, 1476338128, 0),
(400, '31227415', 1, 2, 0, 1476338128, 0),
(401, '2710995768', 1, 3, 0, 1476338142, 0),
(402, '4036085974', 1, 3, 0, 1476338142, 0),
(403, '3086878511', 1, 3, 0, 1476338142, 0),
(404, '1566252186', 1, 1, 0, 1476338216, 0),
(405, '4035958627', 1, 1, 0, 1476338216, 0),
(406, '4037463660', 1, 1, 0, 1476338216, 0),
(407, '4035107668', 2, 5, 0, 1476338231, 0),
(408, '3576586161', 2, 5, 0, 1476338231, 0),
(409, '1054460429', 2, 5, 0, 1476338231, 0),
(410, '3610217152', 1, 2, 0, 1476340196, 0),
(411, '390025576', 1, 2, 0, 1476340196, 0),
(412, '2716063643', 1, 2, 0, 1476340196, 0),
(413, '4034100581', 1, 3, 0, 1476340211, 0),
(414, '3989834667', 1, 3, 0, 1476340211, 0),
(415, '3413812804', 1, 3, 0, 1476340212, 0),
(416, '4036298866', 1, 1, 0, 1476340226, 0),
(417, '1915809391', 1, 1, 0, 1476340226, 0),
(418, '4037093786', 1, 1, 0, 1476340226, 0),
(419, '1447495713', 1, 2, 0, 1476340541, 0),
(420, '792749665', 1, 2, 0, 1476340541, 0),
(421, '1141793086', 1, 2, 0, 1476340541, 0),
(422, '4036741900', 1, 3, 0, 1476340557, 0),
(423, '3922501070', 1, 3, 0, 1476340557, 0),
(424, '4036464015', 1, 3, 0, 1476340557, 0),
(425, '3774070018', 1, 1, 0, 1476340571, 0),
(426, '3779074340', 1, 1, 0, 1476340571, 0),
(427, '2369991476', 1, 1, 0, 1476340571, 0),
(428, '2429644735', 1, 2, 0, 1476340886, 0),
(429, '2054765583', 1, 2, 0, 1476340886, 0),
(430, '3650080420', 1, 2, 0, 1476340886, 0),
(431, '1308581273', 1, 3, 0, 1476340934, 0),
(432, '3657008940', 1, 3, 0, 1476340934, 0),
(433, '4036464897', 1, 3, 0, 1476340934, 0),
(434, '3516486605', 2, 5, 0, 1476340949, 0),
(435, '2021256663', 2, 5, 0, 1476340949, 0),
(436, '3463265469', 2, 5, 0, 1476340949, 0),
(437, '192085018', 2, 4, 0, 1476340963, 0),
(438, '555981142', 2, 4, 0, 1476340963, 0),
(439, '44295718', 2, 4, 0, 1476340963, 0),
(440, '795018902', 1, 1, 0, 1476340966, 0),
(441, '4036942154', 1, 1, 0, 1476340966, 0),
(442, '1756886688', 1, 1, 0, 1476340966, 0),
(443, '4036055036', 1, 1, 0, 1476340982, 0),
(444, '4023786851', 1, 1, 0, 1476340982, 0),
(445, '4029115926', 1, 1, 0, 1476340982, 0),
(446, '3464397702', 1, 2, 0, 1476341223, 0),
(447, '1182768684', 1, 2, 0, 1476341223, 0),
(448, '3690080201', 1, 2, 0, 1476341223, 0),
(449, '2956452203', 1, 3, 0, 1476341299, 0),
(450, '533688090', 1, 3, 0, 1476341299, 0),
(451, '4036731139', 1, 3, 0, 1476341299, 0),
(452, '4036074105', 2, 5, 0, 1476341315, 0),
(453, '4036617395', 2, 5, 0, 1476341315, 0),
(454, '1489932216', 2, 5, 0, 1476341315, 0),
(455, '388668834', 2, 4, 0, 1476341331, 0),
(456, '552314573', 2, 4, 0, 1476341331, 0),
(457, '3974710085', 2, 4, 0, 1476341331, 0),
(458, '4036299842', 1, 1, 0, 1476341347, 0),
(459, '4003642665', 1, 1, 0, 1476341347, 0),
(460, '3263650601', 1, 1, 0, 1476341347, 0),
(461, '386471691', 1, 2, 0, 1476341542, 0),
(462, '3941698252', 1, 2, 0, 1476341542, 0),
(463, '923119283', 1, 2, 0, 1476341542, 0),
(464, '4036464129', 1, 3, 0, 1476341623, 0),
(465, '3041294627', 1, 3, 0, 1476341623, 0),
(466, '3169232987', 1, 3, 0, 1476341623, 0),
(467, '4034467918', 2, 5, 0, 1476341641, 0),
(468, '1406669933', 2, 5, 0, 1476341641, 0),
(469, '1468324130', 2, 5, 0, 1476341641, 0),
(470, '2979801109', 2, 4, 0, 1476341659, 0),
(471, '377416184', 2, 4, 0, 1476341660, 0),
(472, '553170960', 2, 4, 0, 1476341660, 0),
(473, '311772875', 1, 1, 0, 1476341674, 0),
(474, '4035385425', 1, 1, 0, 1476341674, 0),
(475, '1725593643', 1, 1, 0, 1476341674, 0),
(476, '1722491969', 1, 2, 0, 1476341870, 0),
(477, '3029946290', 1, 2, 0, 1476341870, 0),
(478, '1563225310', 1, 2, 0, 1476341870, 0),
(479, '2222632373', 1, 3, 0, 1476341947, 0),
(480, '4037050978', 1, 3, 0, 1476341947, 0),
(481, '1317403481', 1, 3, 0, 1476341947, 0),
(482, '3255252094', 2, 5, 0, 1476341961, 0),
(483, '4027763972', 2, 5, 0, 1476341962, 0),
(484, '1732969920', 2, 5, 0, 1476341962, 0),
(485, '2289504086', 2, 4, 0, 1476341976, 0),
(486, '206288269', 2, 4, 0, 1476341976, 0),
(487, '2143128490', 2, 4, 0, 1476341976, 0),
(488, '4037359942', 1, 1, 0, 1476342001, 0),
(489, '4035814720', 1, 1, 0, 1476342001, 0),
(490, '1522011862', 1, 1, 0, 1476342001, 0),
(491, '3040366204', 1, 2, 0, 1476342196, 0),
(492, '546799556', 1, 2, 0, 1476342196, 0),
(493, '3449446828', 1, 2, 0, 1476342196, 0),
(494, '4020372330', 1, 3, 0, 1476342274, 0),
(495, '3317462306', 1, 3, 0, 1476342274, 0),
(496, '4006226151', 1, 3, 0, 1476342274, 0),
(497, '4026477900', 2, 5, 0, 1476342292, 0),
(498, '1998233507', 2, 5, 0, 1476342292, 0),
(499, '2243377456', 2, 5, 0, 1476342292, 0),
(500, '411083986', 2, 4, 0, 1476342310, 0),
(501, '279242616', 2, 4, 0, 1476342310, 0),
(502, '3573662015', 2, 4, 0, 1476342310, 0),
(503, '1522963177', 1, 1, 0, 1476342328, 0),
(504, '2229074704', 1, 1, 0, 1476342328, 0),
(505, '3988579855', 1, 1, 0, 1476342328, 0),
(506, '4036402036', 1, 2, 0, 1476342528, 0),
(507, '3917935951', 1, 2, 0, 1476342528, 0),
(508, '3698019624', 1, 2, 0, 1476342528, 0),
(509, '4036797286', 1, 3, 0, 1476342605, 0),
(510, '1562507804', 1, 3, 0, 1476342605, 0),
(511, '3972356593', 1, 3, 0, 1476342605, 0),
(512, '41958549', 2, 5, 0, 1476342622, 0),
(513, '1314915690', 2, 5, 0, 1476342622, 0),
(514, '15840205', 2, 5, 0, 1476342622, 0),
(515, '479641847', 2, 4, 0, 1476342637, 0),
(516, '1094507504', 2, 4, 0, 1476342637, 0),
(517, '2002953186', 2, 4, 0, 1476342637, 0),
(518, '3410324419', 1, 1, 0, 1476342652, 0),
(519, '2282123686', 1, 1, 0, 1476342652, 0),
(520, '4036397671', 1, 1, 0, 1476342652, 0),
(521, '2956781675', 1, 2, 0, 1476364037, 0),
(522, '331889298', 1, 2, 0, 1476364037, 0),
(523, '3103529369', 1, 2, 0, 1476364037, 0),
(524, '1589840017', 1, 3, 0, 1476364054, 0),
(525, '3887084793', 1, 3, 0, 1476364054, 0),
(526, '4036531023', 1, 3, 0, 1476364054, 0),
(527, '2072972679', 2, 5, 0, 1476364602, 0),
(528, '1237509555', 2, 5, 0, 1476364602, 0),
(529, '4036727080', 2, 5, 0, 1476364602, 0),
(530, '3272454469', 2, 4, 0, 1476364983, 0),
(531, '507130954', 2, 4, 0, 1476364983, 0),
(532, '3949669146', 2, 4, 0, 1476364983, 0),
(533, '1900981293', 1, 1, 0, 1476365251, 0),
(534, '4036224291', 1, 1, 0, 1476365251, 0),
(535, '2898349185', 1, 1, 0, 1476365251, 0),
(536, '4036609392', 1, 2, 0, 1476365863, 0),
(537, '1936761055', 1, 2, 0, 1476365863, 0),
(538, '3634442016', 1, 2, 0, 1476365863, 0),
(539, '27644861', 2, 5, 0, 1476365977, 0),
(540, '1661182607', 2, 5, 0, 1476365977, 0),
(541, '3946247572', 2, 5, 0, 1476365977, 0),
(542, '1556325120', 2, 4, 0, 1476365996, 0),
(543, '191602107', 2, 4, 0, 1476365996, 0),
(544, '3600253969', 2, 4, 0, 1476365996, 0),
(545, '2039394027', 1, 1, 0, 1476366017, 0),
(546, '31940026', 1, 1, 0, 1476366017, 0),
(547, '3992798406', 1, 1, 0, 1476366017, 0),
(548, '4034710518', 1, 2, 0, 1476366213, 0),
(549, '4036763494', 1, 2, 0, 1476366213, 0),
(550, '2466045406', 1, 2, 0, 1476366213, 0),
(551, '3920082177', 1, 3, 0, 1476366291, 0),
(552, '294542429', 1, 3, 0, 1476366291, 0),
(553, '1262853475', 1, 3, 0, 1476366291, 0),
(554, '1199600124', 2, 5, 0, 1476366319, 0),
(555, '4035397449', 2, 5, 0, 1476366319, 0),
(556, '3106937509', 2, 5, 0, 1476366319, 0),
(557, '718616412', 2, 4, 0, 1476366816, 0),
(558, '1182644100', 2, 4, 0, 1476366816, 0),
(559, '543204367', 2, 4, 0, 1476366816, 0),
(560, '966473588', 1, 1, 0, 1476366838, 0),
(561, '3401492215', 1, 1, 0, 1476366838, 0),
(562, '3252874639', 1, 1, 0, 1476366838, 0),
(563, '21521952', 1, 2, 0, 1476367235, 0),
(564, '1639305253', 1, 2, 0, 1476367235, 0),
(565, '3537970521', 1, 2, 0, 1476367235, 0),
(566, '1458928670', 1, 3, 0, 1476367648, 0),
(567, '4036129296', 1, 3, 0, 1476367648, 0),
(568, '2230308821', 1, 3, 0, 1476367648, 0),
(569, '288787046', 1, 2, 0, 1476369130, 0),
(570, '200445520', 1, 2, 0, 1476369130, 0),
(571, '3927322733', 1, 2, 0, 1476369130, 0),
(572, '3937206243', 1, 1, 0, 1476369219, 0),
(573, '4033165821', 1, 1, 0, 1476369219, 0),
(574, '2842808577', 1, 1, 0, 1476369219, 0),
(575, '2225711517', 2, 5, 0, 1476369533, 0),
(576, '863268424', 2, 5, 0, 1476369533, 0),
(577, '2941186066', 2, 5, 0, 1476369533, 0),
(578, '520921651', 2, 4, 0, 1476369550, 0),
(579, '2472577023', 2, 4, 0, 1476369550, 0),
(580, '504240299', 2, 4, 0, 1476369550, 0),
(581, '2105421492', 2, 5, 0, 1476369881, 0),
(582, '3267901821', 2, 5, 0, 1476369881, 0),
(583, '4022406599', 2, 5, 0, 1476369881, 0),
(584, '3626191639', 1, 2, 0, 1476370180, 0),
(585, '3237910580', 1, 2, 0, 1476370180, 0),
(586, '4029478988', 1, 2, 0, 1476370180, 0),
(587, '4036182349', 1, 1, 0, 1476370268, 0),
(588, '4034236108', 1, 1, 0, 1476370268, 0),
(589, '1554192788', 1, 1, 0, 1476370268, 0),
(590, '4038210197', 2, 5, 0, 1476370958, 0),
(591, '1761775461', 2, 5, 0, 1476370958, 0),
(592, '3992259026', 2, 5, 0, 1476370959, 0),
(593, '404005881', 2, 4, 0, 1476370976, 0),
(594, '279559147', 2, 4, 0, 1476370976, 0),
(595, '1626122422', 2, 4, 0, 1476370977, 0),
(596, '1340368453', 1, 1, 0, 1476370992, 0),
(597, '4035870017', 1, 1, 0, 1476370992, 0),
(598, '4035520671', 1, 1, 0, 1476370992, 0),
(599, '2176329200', 1, 2, 0, 1476371247, 0),
(600, '2299851559', 1, 2, 0, 1476371247, 0),
(601, '3192209205', 1, 2, 0, 1476371248, 0),
(602, '607189247', 1, 3, 0, 1476371263, 0),
(603, '4036777916', 1, 3, 0, 1476371263, 0),
(604, '4037067451', 1, 3, 0, 1476371263, 0),
(605, '4034891207', 2, 5, 0, 1476371279, 0),
(606, '4036325807', 2, 5, 0, 1476371279, 0),
(607, '4031466165', 2, 5, 0, 1476371279, 0),
(608, '1088454462', 2, 4, 0, 1476371296, 0),
(609, '1950323239', 2, 4, 0, 1476371296, 0),
(610, '522033106', 2, 4, 0, 1476371296, 0),
(611, '3498627484', 1, 1, 0, 1476371317, 0),
(612, '4037615646', 1, 1, 0, 1476371317, 0),
(613, '4035471119', 1, 1, 0, 1476371317, 0),
(614, '2121779124', 1, 2, 0, 1476371578, 0),
(615, '3692072360', 1, 2, 0, 1476371578, 0),
(616, '7331524', 1, 2, 0, 1476371578, 0),
(617, '3989053346', 2, 5, 0, 1476371620, 0),
(618, '3996350025', 2, 5, 0, 1476371620, 0),
(619, '4036588442', 2, 5, 0, 1476371620, 0),
(620, '222514637', 2, 4, 0, 1476371636, 0),
(621, '1160870118', 2, 4, 0, 1476371636, 0),
(622, '30143877', 2, 4, 0, 1476371636, 0),
(623, '567988751', 1, 1, 0, 1476371653, 0),
(624, '3997502346', 1, 1, 0, 1476371653, 0),
(625, '3564825177', 1, 1, 0, 1476371653, 0),
(626, '978537098', 1, 2, 0, 1476371912, 0),
(627, '1536039256', 1, 2, 0, 1476371912, 0),
(628, '228271845', 1, 2, 0, 1476371913, 0),
(629, '478293994', 1, 3, 0, 1476371932, 0),
(630, '3999626694', 1, 3, 0, 1476371932, 0),
(631, '1169628230', 1, 3, 0, 1476371932, 0),
(632, '4030135628', 2, 5, 0, 1476371949, 0),
(633, '4036763924', 2, 5, 0, 1476371949, 0),
(634, '4033899812', 2, 5, 0, 1476371949, 0),
(635, '271367058', 2, 4, 0, 1476371963, 0),
(636, '3706223010', 2, 4, 0, 1476371964, 0),
(637, '982751765', 2, 4, 0, 1476371964, 0),
(638, '337069934', 1, 1, 0, 1476371981, 0),
(639, '4036190360', 1, 1, 0, 1476371981, 0),
(640, '1655809302', 1, 1, 0, 1476371981, 0),
(641, '4032087190', 1, 2, 0, 1476372235, 0),
(642, '3535675341', 1, 2, 0, 1476372235, 0),
(643, '206632018', 1, 2, 0, 1476372235, 0),
(644, '1648934925', 1, 3, 0, 1476372252, 0),
(645, '4032105183', 1, 3, 0, 1476372253, 0),
(646, '4036603065', 1, 3, 0, 1476372253, 0),
(647, '3176860697', 2, 5, 0, 1476372272, 0),
(648, '466384178', 2, 5, 0, 1476372272, 0),
(649, '4034217362', 2, 5, 0, 1476372272, 0),
(650, '3230462561', 2, 4, 0, 1476372288, 0),
(651, '1386993515', 2, 4, 0, 1476372288, 0),
(652, '287704643', 2, 4, 0, 1476372289, 0),
(653, '3725785645', 1, 1, 0, 1476372309, 0),
(654, '1607450423', 1, 1, 0, 1476372309, 0),
(655, '1420749696', 1, 1, 0, 1476372309, 0),
(656, '3660752741', 1, 2, 0, 1476372564, 0),
(657, '1432844550', 1, 2, 0, 1476372564, 0),
(658, '1445516693', 1, 2, 0, 1476372564, 0),
(659, '4036460256', 1, 3, 0, 1476372581, 0),
(660, '2248186037', 1, 3, 0, 1476372581, 0),
(661, '2083454185', 1, 3, 0, 1476372581, 0),
(662, '227030060', 2, 5, 0, 1476372595, 0),
(663, '1656001687', 2, 5, 0, 1476372596, 0),
(664, '360129154', 2, 5, 0, 1476372596, 0),
(665, '467041152', 2, 4, 0, 1476372610, 0),
(666, '1045593331', 2, 4, 0, 1476372610, 0),
(667, '260379375', 2, 4, 0, 1476372610, 0),
(668, '4035504918', 1, 1, 0, 1476372626, 0),
(669, '4032231753', 1, 1, 0, 1476372626, 0),
(670, '2429759471', 1, 1, 0, 1476372626, 0),
(671, '3485549054', 1, 2, 0, 1476372881, 0),
(672, '3571526351', 1, 2, 0, 1476372881, 0),
(673, '190936403', 1, 2, 0, 1476372881, 0),
(674, '4034910502', 1, 3, 0, 1476372897, 0),
(675, '4019729095', 1, 3, 0, 1476372897, 0),
(676, '31736222', 1, 3, 0, 1476372897, 0),
(677, '1482025053', 2, 5, 0, 1476372911, 0),
(678, '2949057238', 2, 5, 0, 1476372911, 0),
(679, '4036011107', 2, 5, 0, 1476372911, 0),
(680, '3116579828', 2, 4, 0, 1476372927, 0),
(681, '1437224774', 2, 4, 0, 1476372927, 0),
(682, '1573060185', 2, 4, 0, 1476372927, 0),
(683, '228183240', 1, 1, 0, 1476372942, 0),
(684, '1925788745', 1, 1, 0, 1476372942, 0),
(685, '3875287022', 1, 1, 0, 1476372942, 0),
(686, '3243412843', 1, 2, 0, 1476373198, 0),
(687, '18707468', 1, 2, 0, 1476373198, 0),
(688, '2323393806', 1, 2, 0, 1476373198, 0),
(689, '4034876197', 1, 3, 0, 1476373214, 0),
(690, '2154805325', 1, 3, 0, 1476373215, 0),
(691, '1632568719', 1, 3, 0, 1476373215, 0),
(692, '235328520', 2, 4, 0, 1476373247, 0),
(693, '1261672162', 2, 4, 0, 1476373247, 0),
(694, '2105938735', 2, 4, 0, 1476373247, 0),
(695, '4037299782', 1, 1, 0, 1476373266, 0),
(696, '830989115', 1, 1, 0, 1476373266, 0),
(697, '1552418189', 1, 1, 0, 1476373266, 0),
(698, '1374642871', 1, 2, 0, 1476373522, 0),
(699, '3188535884', 1, 2, 0, 1476373522, 0),
(700, '255934435', 1, 2, 0, 1476373522, 0),
(701, '241749386', 1, 3, 0, 1476373538, 0),
(702, '4037045858', 1, 3, 0, 1476373538, 0),
(703, '4035122775', 1, 3, 0, 1476373538, 0),
(704, '2964107002', 2, 5, 0, 1476373554, 0),
(705, '3664717011', 2, 5, 0, 1476373554, 0),
(706, '317557051', 2, 5, 0, 1476373554, 0),
(707, '3676649773', 2, 4, 0, 1476373570, 0),
(708, '4029567186', 2, 4, 0, 1476373570, 0),
(709, '1517575982', 2, 4, 0, 1476373570, 0),
(710, '3645658656', 1, 1, 0, 1476373585, 0),
(711, '3214256245', 1, 1, 0, 1476373585, 0),
(712, '4035942264', 1, 1, 0, 1476373585, 0),
(713, '1619985935', 1, 2, 0, 1476373849, 0),
(714, '730312413', 1, 2, 0, 1476373849, 0),
(715, '3989001026', 1, 2, 0, 1476373849, 0),
(716, '3252380191', 1, 3, 0, 1476373866, 0),
(717, '3049411005', 1, 3, 0, 1476373866, 0),
(718, '4025988337', 1, 3, 0, 1476373866, 0),
(719, '205451709', 2, 5, 0, 1476373882, 0),
(720, '3940446082', 2, 5, 0, 1476373882, 0),
(721, '3072608271', 2, 5, 0, 1476373882, 0),
(722, '3604933277', 2, 4, 0, 1476373897, 0),
(723, '1948232628', 2, 4, 0, 1476373898, 0),
(724, '3851810511', 2, 4, 0, 1476373898, 0),
(725, '4036852773', 1, 1, 0, 1476373912, 0),
(726, '2313228700', 1, 1, 0, 1476373913, 0),
(727, '3992911717', 1, 1, 0, 1476373913, 0),
(728, '3462072395', 1, 2, 0, 1476374172, 0),
(729, '3029448617', 1, 2, 0, 1476374172, 0),
(730, '2952755168', 1, 2, 0, 1476374172, 0),
(731, '4036732892', 1, 3, 0, 1476374188, 0),
(732, '4037329246', 1, 3, 0, 1476374188, 0),
(733, '4036303055', 1, 3, 0, 1476374188, 0),
(734, '4030851824', 2, 5, 0, 1476374208, 0),
(735, '1639103405', 2, 5, 0, 1476374208, 0),
(736, '4036196896', 2, 5, 0, 1476374208, 0),
(737, '658923696', 2, 4, 0, 1476374223, 0),
(738, '434899443', 2, 4, 0, 1476374224, 0),
(739, '2121773491', 2, 4, 0, 1476374224, 0),
(740, '4037313217', 1, 1, 0, 1476374239, 0),
(741, '4036907771', 1, 1, 0, 1476374239, 0),
(742, '4036428903', 1, 1, 0, 1476374239, 0),
(743, '3282376023', 1, 2, 0, 1476374504, 0),
(744, '4037259180', 1, 2, 0, 1476374504, 0),
(745, '1464131445', 1, 2, 0, 1476374504, 0),
(746, '4034479386', 1, 3, 0, 1476374521, 0),
(747, '3155807424', 1, 3, 0, 1476374521, 0),
(748, '1588484005', 1, 3, 0, 1476374521, 0),
(749, '4036196368', 2, 5, 0, 1476374537, 0),
(750, '249641828', 2, 5, 0, 1476374537, 0),
(751, '2208280761', 2, 5, 0, 1476374537, 0),
(752, '3971669783', 2, 4, 0, 1476374553, 0),
(753, '356469361', 2, 4, 0, 1476374553, 0),
(754, '294054588', 2, 4, 0, 1476374554, 0),
(755, '3972645815', 1, 1, 0, 1476374574, 0),
(756, '1550433293', 1, 1, 0, 1476374574, 0),
(757, '1156150977', 1, 1, 0, 1476374574, 0),
(758, '1586545136', 1, 2, 0, 1476374829, 0),
(759, '3891278046', 1, 2, 0, 1476374829, 0),
(760, '1936979592', 1, 2, 0, 1476374829, 0),
(761, '1414772856', 1, 3, 0, 1476374845, 0),
(762, '1121911600', 1, 3, 0, 1476374845, 0),
(763, '4034104165', 1, 3, 0, 1476374845, 0),
(764, '3610780858', 2, 5, 0, 1476374860, 0),
(765, '3251603681', 2, 5, 0, 1476374860, 0),
(766, '4036783895', 2, 5, 0, 1476374860, 0),
(767, '204568778', 2, 4, 0, 1476374882, 0),
(768, '2347535057', 2, 4, 0, 1476374882, 0),
(769, '24617797', 2, 4, 0, 1476374882, 0),
(770, '2154348045', 1, 1, 0, 1476374899, 0),
(771, '1506480769', 1, 1, 0, 1476374899, 0),
(772, '3989930463', 1, 1, 0, 1476374899, 0),
(773, '1512588014', 1, 2, 0, 1476375159, 0),
(774, '2095295491', 1, 2, 0, 1476375159, 0),
(775, '643297639', 1, 2, 0, 1476375159, 0),
(776, '4036793061', 1, 3, 0, 1476375180, 0),
(777, '3245235799', 1, 3, 0, 1476375180, 0),
(778, '4037341859', 1, 3, 0, 1476375180, 0),
(779, '905831036', 2, 5, 0, 1476375195, 0),
(780, '4034773460', 2, 5, 0, 1476375195, 0),
(781, '4036835586', 2, 5, 0, 1476375195, 0),
(782, '462309888', 2, 4, 0, 1476375215, 0),
(783, '12475767', 2, 4, 0, 1476375215, 0),
(784, '192298235', 2, 4, 0, 1476375215, 0),
(785, '3267189288', 2, 5, 0, 1476375516, 0),
(786, '4036346946', 2, 5, 0, 1476375516, 0),
(787, '4036571841', 2, 5, 0, 1476375516, 0),
(788, '36783237', 2, 4, 0, 1476375532, 0),
(789, '2032002071', 2, 4, 0, 1476375532, 0),
(790, '177149431', 2, 4, 0, 1476375532, 0),
(791, '4035880553', 2, 5, 0, 1476375838, 0),
(792, '4036385554', 2, 5, 0, 1476375838, 0),
(793, '4037183733', 2, 5, 0, 1476375838, 0),
(794, '1555728351', 2, 4, 0, 1476375857, 0),
(795, '991314221', 2, 4, 0, 1476375857, 0),
(796, '234144687', 2, 4, 0, 1476375858, 0),
(797, '1831918676', 2, 4, 0, 1476376176, 0),
(798, '513786564', 2, 4, 0, 1476376176, 0),
(799, '4028629029', 2, 4, 0, 1476376176, 0),
(800, '3861483729', 2, 5, 0, 1476376485, 0),
(801, '4036778044', 2, 5, 0, 1476376485, 0),
(802, '4035261495', 2, 5, 0, 1476376485, 0),
(803, '254737631', 2, 4, 0, 1476376501, 0),
(804, '491047229', 2, 4, 0, 1476376501, 0),
(805, '234599781', 2, 4, 0, 1476376501, 0),
(806, '254235746', 2, 4, 0, 1476376835, 0),
(807, '3516190228', 2, 4, 0, 1476376835, 0),
(808, '1485579682', 2, 4, 0, 1476376835, 0),
(809, '3546526636', 2, 5, 0, 1476377145, 0),
(810, '3965931200', 2, 5, 0, 1476377145, 0),
(811, '3702871281', 2, 5, 0, 1476377145, 0),
(812, '572034257', 2, 4, 0, 1476377160, 0),
(813, '4017980260', 2, 4, 0, 1476377160, 0),
(814, '1544105110', 2, 4, 0, 1476377160, 0),
(815, '4016229696', 2, 5, 0, 1476377472, 0),
(816, '4034298420', 2, 5, 0, 1476377472, 0),
(817, '4032758025', 2, 5, 0, 1476377472, 0),
(818, '1235339035', 2, 4, 0, 1476377493, 0),
(819, '219039321', 2, 4, 0, 1476377494, 0),
(820, '230294598', 2, 4, 0, 1476377494, 0),
(821, '4035268151', 2, 5, 0, 1476377797, 0),
(822, '4027626166', 2, 5, 0, 1476377798, 0),
(823, '1657752983', 2, 5, 0, 1476377798, 0),
(824, '437296791', 2, 4, 0, 1476377815, 0),
(825, '698950361', 2, 4, 0, 1476377815, 0),
(826, '3290902578', 2, 4, 0, 1476377815, 0),
(827, '4032580072', 1, 2, 0, 1476384408, 0),
(828, '896965201', 1, 2, 0, 1476384408, 0),
(829, '2226736714', 1, 2, 0, 1476384408, 0),
(830, '377656969', 1, 1, 0, 1476384446, 0),
(831, '4036796901', 1, 1, 0, 1476384446, 0),
(832, '723556684', 1, 1, 0, 1476384446, 0),
(833, '200431324', 2, 5, 0, 1476384463, 0),
(834, '4035185555', 2, 5, 0, 1476384463, 0),
(835, '4035494233', 2, 5, 0, 1476384463, 0),
(836, '4025040592', 2, 4, 0, 1476384480, 0),
(837, '1436086834', 2, 4, 0, 1476384480, 0),
(838, '3156415545', 2, 4, 0, 1476384480, 0),
(839, '3314302563', 2, 5, 0, 1476384792, 0),
(840, '3968767777', 2, 5, 0, 1476384792, 0),
(841, '1721236133', 2, 5, 0, 1476384792, 0),
(842, '637886900', 2, 4, 0, 1476384809, 0),
(843, '570710230', 2, 4, 0, 1476384809, 0),
(844, '2122487827', 2, 4, 0, 1476384809, 0),
(845, '3665085778', 1, 2, 0, 1476385067, 0),
(846, '42253151', 1, 2, 0, 1476385067, 0),
(847, '3628408195', 1, 2, 0, 1476385067, 0),
(848, '221674369', 1, 3, 0, 1476385089, 0),
(849, '4036993245', 1, 3, 0, 1476385089, 0),
(850, '176976265', 1, 3, 0, 1476385089, 0),
(851, '4035586240', 1, 1, 0, 1476385108, 0),
(852, '4008456259', 1, 1, 0, 1476385108, 0),
(853, '4006836993', 1, 1, 0, 1476385108, 0),
(854, '1819660622', 2, 5, 0, 1476385126, 0),
(855, '4034959501', 2, 5, 0, 1476385126, 0),
(856, '4036652241', 2, 5, 0, 1476385126, 0),
(857, '655556500', 2, 4, 0, 1476385143, 0),
(858, '2282117018', 2, 4, 0, 1476385143, 0),
(859, '477661576', 2, 4, 0, 1476385143, 0),
(860, '224196425', 1, 2, 0, 1476385402, 0),
(861, '1138695124', 1, 2, 0, 1476385402, 0),
(862, '999058234', 1, 2, 0, 1476385402, 0),
(863, '2988121535', 1, 3, 0, 1476385421, 0),
(864, '4037459640', 1, 3, 0, 1476385421, 0),
(865, '1987028869', 1, 3, 0, 1476385422, 0),
(866, '4024027474', 1, 1, 0, 1476385441, 0),
(867, '1580126680', 1, 1, 0, 1476385441, 0),
(868, '4036224629', 1, 1, 0, 1476385441, 0),
(869, '4037651821', 2, 5, 0, 1476385458, 0),
(870, '3551472386', 2, 5, 0, 1476385458, 0),
(871, '4034831606', 2, 5, 0, 1476385458, 0),
(872, '615538659', 2, 4, 0, 1476385475, 0),
(873, '603503015', 2, 4, 0, 1476385475, 0),
(874, '2057016758', 2, 4, 0, 1476385475, 0),
(875, '2129162839', 1, 2, 0, 1476385734, 0),
(876, '2086686335', 1, 2, 0, 1476385734, 0),
(877, '3716083281', 1, 2, 0, 1476385734, 0),
(878, '4035594176', 1, 3, 0, 1476385751, 0),
(879, '4033727576', 1, 3, 0, 1476385751, 0),
(880, '1548067614', 1, 3, 0, 1476385751, 0),
(881, '4036507827', 1, 1, 0, 1476385768, 0),
(882, '4032092383', 1, 1, 0, 1476385768, 0),
(883, '4034902225', 1, 1, 0, 1476385768, 0),
(884, '3590847277', 2, 5, 0, 1476385786, 0),
(885, '1352165885', 2, 5, 0, 1476385786, 0),
(886, '1708761968', 2, 5, 0, 1476385786, 0),
(887, '1021365381', 2, 4, 0, 1476385803, 0),
(888, '581700547', 2, 4, 0, 1476385803, 0),
(889, '2020558729', 2, 4, 0, 1476385803, 0),
(890, '143804496', 1, 2, 0, 1476386063, 0),
(891, '1440138535', 1, 2, 0, 1476386064, 0),
(892, '14382979', 1, 2, 0, 1476386064, 0),
(893, '4034688557', 1, 3, 0, 1476386087, 0),
(894, '1703526816', 1, 3, 0, 1476386087, 0),
(895, '2243246185', 1, 3, 0, 1476386087, 0),
(896, '4035114827', 1, 1, 0, 1476386105, 0),
(897, '4035981612', 1, 1, 0, 1476386105, 0),
(898, '1278429821', 1, 1, 0, 1476386105, 0),
(899, '4034300704', 2, 5, 0, 1476386122, 0),
(900, '4036352882', 2, 5, 0, 1476386123, 0),
(901, '3944718195', 2, 5, 0, 1476386123, 0),
(902, '4021660666', 2, 4, 0, 1476386140, 0),
(903, '343268779', 2, 4, 0, 1476386140, 0),
(904, '2069316493', 2, 4, 0, 1476386140, 0),
(905, '3450181555', 1, 2, 0, 1476386400, 0),
(906, '2816950582', 1, 2, 0, 1476386400, 0),
(907, '4020614525', 1, 2, 0, 1476386400, 0),
(908, '4034626103', 1, 3, 0, 1476386420, 0),
(909, '3255534544', 1, 3, 0, 1476386420, 0),
(910, '4034283571', 1, 3, 0, 1476386420, 0),
(911, '1722646345', 1, 1, 0, 1476386437, 0),
(912, '4036020857', 1, 1, 0, 1476386437, 0),
(913, '4035840024', 1, 1, 0, 1476386437, 0),
(914, '4033988154', 2, 5, 0, 1476386456, 0),
(915, '4034187700', 2, 5, 0, 1476386456, 0),
(916, '4036543119', 2, 5, 0, 1476386456, 0),
(917, '655984364', 2, 4, 0, 1476386476, 0),
(918, '2147412100', 2, 4, 0, 1476386476, 0),
(919, '329711414', 2, 4, 0, 1476386476, 0),
(920, '1947112048', 1, 2, 0, 1476386735, 0),
(921, '3882855034', 1, 2, 0, 1476386735, 0),
(922, '4035393836', 1, 2, 0, 1476386735, 0),
(923, '4036608171', 1, 3, 0, 1476386752, 0),
(924, '1105804361', 1, 3, 0, 1476386752, 0),
(925, '1630763004', 1, 3, 0, 1476386752, 0),
(926, '3041334838', 2, 5, 0, 1476386787, 0),
(927, '4036723240', 2, 5, 0, 1476386787, 0),
(928, '4036248216', 2, 5, 0, 1476386787, 0),
(929, '1447527630', 2, 4, 0, 1476386805, 0),
(930, '180774450', 2, 4, 0, 1476386805, 0),
(931, '4024589436', 2, 4, 0, 1476386805, 0),
(932, '3302546400', 1, 2, 0, 1476387065, 0),
(933, '237281417', 1, 2, 0, 1476387065, 0),
(934, '36563322', 1, 2, 0, 1476387065, 0),
(935, '3169761564', 1, 3, 0, 1476387083, 0),
(936, '1470905586', 1, 3, 0, 1476387083, 0),
(937, '4015617250', 1, 3, 0, 1476387083, 0),
(938, '4035017074', 1, 1, 0, 1476387100, 0),
(939, '4035860801', 1, 1, 0, 1476387100, 0),
(940, '412150143', 1, 1, 0, 1476387100, 0),
(941, '3656578848', 2, 5, 0, 1476387125, 0),
(942, '4037090402', 2, 5, 0, 1476387126, 0),
(943, '3991328315', 2, 5, 0, 1476387126, 0),
(944, '1690321374', 2, 4, 0, 1476387146, 0),
(945, '2236451838', 2, 4, 0, 1476387146, 0),
(946, '1043123985', 2, 4, 0, 1476387146, 0),
(947, '2141982449', 1, 2, 0, 1476387405, 0),
(948, '3992580261', 1, 2, 0, 1476387405, 0),
(949, '1943419628', 1, 2, 0, 1476387405, 0),
(950, '1491014122', 1, 2, 0, 1476387424, 0),
(951, '638923477', 1, 2, 0, 1476387424, 0),
(952, '3884106182', 1, 2, 0, 1476387424, 0),
(953, '4031944126', 1, 3, 0, 1476387425, 0),
(954, '3248552381', 1, 3, 0, 1476387425, 0),
(955, '4036601405', 1, 3, 0, 1476387425, 0),
(956, '1932358073', 1, 3, 0, 1476387442, 0),
(957, '2249279834', 1, 3, 0, 1476387442, 0),
(958, '1964705298', 1, 3, 0, 1476387442, 0),
(959, '4034424536', 1, 1, 0, 1476387444, 0),
(960, '4036927165', 1, 1, 0, 1476387444, 0),
(961, '3985819330', 1, 1, 0, 1476387444, 0),
(962, '4035097289', 1, 1, 0, 1476387461, 0),
(963, '4037329246', 1, 1, 0, 1476387461, 0),
(964, '2276526527', 1, 1, 0, 1476387461, 0),
(965, '3060889487', 2, 5, 0, 1476387476, 0),
(966, '4036115506', 2, 5, 0, 1476387476, 0),
(967, '4037001802', 2, 5, 0, 1476387477, 0),
(968, '467248476', 1, 2, 0, 1476387750, 0),
(969, '4034889290', 1, 2, 0, 1476387750, 0),
(970, '3186973008', 1, 2, 0, 1476387750, 0),
(971, '1447784461', 1, 3, 0, 1476387768, 0),
(972, '4036600637', 1, 3, 0, 1476387768, 0),
(973, '4034102629', 1, 3, 0, 1476387768, 0),
(974, '4034382750', 1, 1, 0, 1476387785, 0),
(975, '4035182379', 1, 1, 0, 1476387785, 0),
(976, '3941645304', 1, 1, 0, 1476387785, 0),
(977, '4036852582', 2, 5, 0, 1476387801, 0),
(978, '1454321510', 2, 5, 0, 1476387801, 0),
(979, '1738024121', 2, 5, 0, 1476387801, 0),
(980, '1517614737', 2, 4, 0, 1476387818, 0),
(981, '1930403791', 2, 4, 0, 1476387818, 0),
(982, '207171502', 2, 4, 0, 1476387818, 0),
(983, '2975716138', 1, 2, 0, 1476388074, 0),
(984, '1638101446', 1, 2, 0, 1476388074, 0),
(985, '3020618097', 1, 2, 0, 1476388074, 0),
(986, '3677780405', 1, 3, 0, 1476388091, 0),
(987, '1959023977', 1, 3, 0, 1476388091, 0),
(988, '2363153293', 1, 3, 0, 1476388091, 0),
(989, '4013244686', 1, 1, 0, 1476388107, 0),
(990, '4036022984', 1, 1, 0, 1476388107, 0),
(991, '369839563', 1, 1, 0, 1476388107, 0),
(992, '412251481', 2, 4, 0, 1476401561, 0),
(993, '2166158578', 2, 4, 0, 1476401561, 0),
(994, '3153969716', 2, 4, 0, 1476401561, 0),
(995, '4001728561', 2, 4, 0, 1476401629, 0),
(996, '209522422', 2, 4, 0, 1476401629, 0),
(997, '376008708', 2, 4, 0, 1476401629, 0),
(998, '3938935659', 2, 4, 0, 1476401892, 0),
(999, '236961984', 2, 4, 0, 1476401892, 0),
(1000, '4021865029', 2, 4, 0, 1476401892, 0),
(1001, '472936145', 2, 4, 0, 1476402263, 0),
(1002, '657491644', 2, 4, 0, 1476402263, 0),
(1003, '322182503', 2, 4, 0, 1476402263, 0),
(1004, '2032432153', 2, 4, 0, 1476402286, 0),
(1005, '3952867117', 2, 4, 0, 1476402286, 0),
(1006, '4019654100', 2, 4, 0, 1476402287, 0),
(1007, '366567224', 2, 4, 0, 1476402324, 0),
(1008, '3506598369', 2, 4, 0, 1476402324, 0),
(1009, '589763537', 2, 4, 0, 1476402324, 0),
(1010, '2171127406', 1, 1, 0, 1476402575, 0),
(1011, '1150993341', 1, 1, 0, 1476402575, 0),
(1012, '4034771446', 1, 1, 0, 1476402575, 0),
(1013, '1459652384', 2, 4, 0, 1476402820, 0),
(1014, '276834043', 2, 4, 0, 1476402820, 0),
(1015, '4013395827', 2, 4, 0, 1476402820, 0),
(1016, '427881780', 1, 2, 0, 1476402884, 0),
(1017, '1763926267', 1, 2, 0, 1476402884, 0),
(1018, '3863776785', 1, 2, 0, 1476402884, 0),
(1019, '4032647782', 2, 5, 0, 1476403128, 0),
(1020, '4035173518', 2, 5, 0, 1476403128, 0),
(1021, '4036116471', 2, 5, 0, 1476403128, 0),
(1022, '4036597566', 1, 3, 0, 1476403191, 0),
(1023, '4036534201', 1, 3, 0, 1476403192, 0),
(1024, '1638391928', 1, 3, 0, 1476403192, 0),
(1025, '2013653382', 2, 4, 0, 1476403436, 0),
(1026, '610078229', 2, 4, 0, 1476403436, 0),
(1027, '2216518152', 2, 4, 0, 1476403436, 0),
(1028, '1697643562', 1, 1, 0, 1476403499, 0),
(1029, '1559013399', 1, 1, 0, 1476403499, 0),
(1030, '3110152514', 1, 1, 0, 1476403500, 0),
(1031, '4035738439', 2, 5, 0, 1476403744, 0),
(1032, '4035491782', 2, 5, 0, 1476403744, 0),
(1033, '4035351952', 2, 5, 0, 1476403744, 0),
(1034, '4036278487', 1, 2, 0, 1476403808, 0),
(1035, '3633689919', 1, 2, 0, 1476403808, 0),
(1036, '2747401696', 1, 2, 0, 1476403808, 0),
(1037, '4008372943', 2, 4, 0, 1476404052, 0),
(1038, '3560971097', 2, 4, 0, 1476404052, 0),
(1039, '1366588471', 2, 4, 0, 1476404052, 0),
(1040, '3949518241', 1, 3, 0, 1476404116, 0),
(1041, '4036593849', 1, 3, 0, 1476404116, 0),
(1042, '3195300371', 1, 3, 0, 1476404116, 0),
(1043, '4036527522', 2, 5, 0, 1476404360, 0),
(1044, '203043614', 2, 5, 0, 1476404360, 0),
(1045, '3995178584', 2, 5, 0, 1476404360, 0),
(1046, '1341715276', 1, 1, 0, 1476404425, 0),
(1047, '4032965106', 1, 1, 0, 1476404425, 0),
(1048, '3173023658', 1, 1, 0, 1476404425, 0),
(1049, '4001157492', 2, 4, 0, 1476404669, 0),
(1050, '4018543228', 2, 4, 0, 1476404669, 0),
(1051, '2326142163', 2, 4, 0, 1476404669, 0),
(1052, '4033210962', 1, 2, 0, 1476404733, 0),
(1053, '1252158078', 1, 2, 0, 1476404733, 0),
(1054, '2155350030', 1, 2, 0, 1476404733, 0),
(1055, '4034980525', 2, 5, 0, 1476404978, 0),
(1056, '3892133156', 2, 5, 0, 1476404978, 0),
(1057, '3415875677', 2, 5, 0, 1476404978, 0),
(1058, '1493018745', 1, 3, 0, 1476405042, 0),
(1059, '1998513779', 1, 3, 0, 1476405042, 0),
(1060, '2230356829', 1, 3, 0, 1476405042, 0),
(1061, '1484069033', 2, 4, 0, 1476405286, 0),
(1062, '1933220841', 2, 4, 0, 1476405286, 0),
(1063, '3448224032', 2, 4, 0, 1476405286, 0),
(1064, '4026198997', 1, 1, 0, 1476405350, 0),
(1065, '3993097106', 1, 1, 0, 1476405350, 0),
(1066, '4037168263', 1, 1, 0, 1476405350, 0),
(1067, '4037182624', 2, 5, 0, 1476405594, 0),
(1068, '3734911470', 2, 5, 0, 1476405594, 0),
(1069, '2217851043', 2, 5, 0, 1476405594, 0),
(1070, '3689600760', 1, 2, 0, 1476405659, 0),
(1071, '1491165504', 1, 2, 0, 1476405659, 0),
(1072, '2210474240', 1, 2, 0, 1476405659, 0),
(1073, '411777836', 2, 4, 0, 1476405903, 0),
(1074, '421857399', 2, 4, 0, 1476405903, 0),
(1075, '1355453557', 2, 4, 0, 1476405903, 0),
(1076, '1376815975', 1, 3, 0, 1476405968, 0),
(1077, '4034641118', 1, 3, 0, 1476405968, 0),
(1078, '4035377489', 1, 3, 0, 1476405968, 0),
(1079, '4036814964', 2, 5, 0, 1476406213, 0),
(1080, '3625974483', 2, 5, 0, 1476406213, 0),
(1081, '4031323298', 2, 5, 0, 1476406213, 0),
(1082, '4036279495', 1, 1, 0, 1476406278, 0),
(1083, '4034309165', 1, 1, 0, 1476406278, 0),
(1084, '1595249908', 1, 1, 0, 1476406278, 0),
(1085, '1088565231', 2, 4, 0, 1476406523, 0),
(1086, '3942757037', 2, 4, 0, 1476406523, 0),
(1087, '1323408712', 2, 4, 0, 1476406523, 0),
(1088, '3152362546', 1, 2, 0, 1476406586, 0),
(1089, '3060880220', 1, 2, 0, 1476406587, 0),
(1090, '1601882533', 1, 2, 0, 1476406587, 0),
(1091, '4032642037', 2, 5, 0, 1476406832, 0),
(1092, '3902595782', 2, 5, 0, 1476406832, 0),
(1093, '3303080146', 2, 5, 0, 1476406832, 0),
(1094, '4027746455', 1, 3, 0, 1476406896, 0),
(1095, '4035497933', 1, 3, 0, 1476406896, 0),
(1096, '33391784', 1, 3, 0, 1476406896, 0),
(1097, '1417826833', 2, 4, 0, 1476407141, 0),
(1098, '1467027723', 2, 4, 0, 1476407141, 0),
(1099, '229322307', 2, 4, 0, 1476407141, 0),
(1100, '255467044', 1, 1, 0, 1476407205, 0),
(1101, '3980433765', 1, 1, 0, 1476407205, 0),
(1102, '4035128937', 1, 1, 0, 1476407205, 0),
(1103, '1933392897', 2, 5, 0, 1476407449, 0),
(1104, '1918497340', 2, 5, 0, 1476407449, 0),
(1105, '3748197082', 2, 5, 0, 1476407449, 0),
(1106, '4033340791', 1, 2, 0, 1476407513, 0),
(1107, '1571693237', 1, 2, 0, 1476407513, 0),
(1108, '2231671890', 1, 2, 0, 1476407513, 0),
(1109, '555300365', 2, 4, 0, 1476407757, 0),
(1110, '1589441981', 2, 4, 0, 1476407757, 0),
(1111, '3063548166', 2, 4, 0, 1476407757, 0),
(1112, '3994365716', 1, 3, 0, 1476407821, 0),
(1113, '4036588019', 1, 3, 0, 1476407821, 0),
(1114, '4036329699', 1, 3, 0, 1476407821, 0),
(1115, '4034526915', 2, 5, 0, 1476408066, 0),
(1116, '4032481262', 2, 5, 0, 1476408067, 0),
(1117, '3700175765', 2, 5, 0, 1476408067, 0),
(1118, '4035524065', 1, 1, 0, 1476408131, 0),
(1119, '4035682909', 1, 1, 0, 1476408131, 0),
(1120, '4034159899', 1, 1, 0, 1476408131, 0),
(1121, '3259287057', 2, 4, 0, 1476408377, 0),
(1122, '708350885', 2, 4, 0, 1476408377, 0),
(1123, '271206689', 2, 4, 0, 1476408377, 0),
(1124, '1921792101', 1, 2, 0, 1476408441, 0),
(1125, '25901091', 1, 2, 0, 1476408442, 0),
(1126, '4036712323', 1, 2, 0, 1476408442, 0),
(1127, '4037167369', 2, 5, 0, 1476408687, 0),
(1128, '4036658544', 2, 5, 0, 1476408687, 0),
(1129, '4036437075', 2, 5, 0, 1476408688, 0),
(1130, '3533163490', 1, 3, 0, 1476408753, 0),
(1131, '2258779487', 1, 3, 0, 1476408753, 0),
(1132, '3666886417', 1, 3, 0, 1476408753, 0),
(1133, '3997733466', 2, 4, 0, 1476408999, 0),
(1134, '3977536281', 2, 4, 0, 1476408999, 0),
(1135, '2317154855', 2, 4, 0, 1476408999, 0),
(1136, '3867848007', 1, 1, 0, 1476409063, 0),
(1137, '4036546227', 1, 1, 0, 1476409063, 0),
(1138, '3463261004', 1, 1, 0, 1476409063, 0),
(1139, '4035316724', 2, 5, 0, 1476409309, 0),
(1140, '4035209870', 2, 5, 0, 1476409309, 0),
(1141, '4034305147', 2, 5, 0, 1476409309, 0),
(1142, '3872002316', 1, 2, 0, 1476409373, 0),
(1143, '4035932334', 1, 2, 0, 1476409373, 0),
(1144, '1548355347', 1, 2, 0, 1476409373, 0),
(1145, '813754715', 2, 4, 0, 1476409617, 0),
(1146, '3573646591', 2, 4, 0, 1476409617, 0),
(1147, '195041049', 2, 4, 0, 1476409617, 0),
(1148, '4035141641', 1, 3, 0, 1476409681, 0),
(1149, '4037299393', 1, 3, 0, 1476409681, 0),
(1150, '4032375618', 1, 3, 0, 1476409681, 0),
(1151, '2760860404', 2, 5, 0, 1476409926, 0),
(1152, '4029445119', 2, 5, 0, 1476409926, 0),
(1153, '4036512252', 2, 5, 0, 1476409926, 0),
(1154, '4034524060', 1, 1, 0, 1476409991, 0),
(1155, '4004585439', 1, 1, 0, 1476409991, 0),
(1156, '3462097298', 1, 1, 0, 1476409991, 0),
(1157, '3024913808', 2, 4, 0, 1476410238, 0),
(1158, '1680188423', 2, 4, 0, 1476410238, 0),
(1159, '1431053704', 2, 4, 0, 1476410238, 0),
(1160, '1438557359', 1, 2, 0, 1476410302, 0),
(1161, '2291324686', 1, 2, 0, 1476410302, 0),
(1162, '1330847468', 1, 2, 0, 1476410302, 0),
(1163, '4034303028', 2, 5, 0, 1476410547, 0),
(1164, '4036958971', 2, 5, 0, 1476410547, 0),
(1165, '3922970654', 2, 5, 0, 1476410547, 0),
(1166, '3943170154', 1, 3, 0, 1476410611, 0);
INSERT INTO `followed` (`id`, `followed_id`, `client_id`, `reference_id`, `requested`, `date`, `unfollowed`) VALUES
(1167, '4035951459', 1, 3, 0, 1476410611, 0),
(1168, '4033859386', 1, 3, 0, 1476410611, 0),
(1169, '309866636', 2, 4, 0, 1476410853, 0),
(1170, '577028018', 2, 4, 0, 1476410853, 0),
(1171, '241168351', 2, 4, 0, 1476410853, 0),
(1172, '3676752083', 1, 1, 0, 1476410919, 0),
(1173, '4035157646', 1, 1, 0, 1476410919, 0),
(1174, '4036084694', 1, 1, 0, 1476410919, 0),
(1175, '4035069780', 2, 5, 0, 1476411164, 0),
(1176, '4036636400', 2, 5, 0, 1476411164, 0),
(1177, '4032717804', 2, 5, 0, 1476411164, 0),
(1178, '4027361133', 1, 2, 0, 1476411228, 0),
(1179, '4035124438', 1, 2, 0, 1476411228, 0),
(1180, '1594724455', 1, 2, 0, 1476411228, 0),
(1181, '489460976', 2, 4, 0, 1476411472, 0),
(1182, '1583506760', 2, 4, 0, 1476411472, 0),
(1183, '3965170024', 2, 4, 0, 1476411472, 0),
(1184, '2366490044', 1, 3, 0, 1476411536, 0),
(1185, '290227157', 1, 3, 0, 1476411536, 0),
(1186, '1316986051', 1, 3, 0, 1476411536, 0),
(1187, '1970086989', 2, 5, 0, 1476411779, 0),
(1188, '2310407445', 2, 5, 0, 1476411779, 0),
(1189, '3976347618', 2, 5, 0, 1476411779, 0),
(1190, '4036738376', 1, 1, 0, 1476411843, 0),
(1191, '1155981594', 1, 1, 0, 1476411843, 0),
(1192, '4035980451', 1, 1, 0, 1476411843, 0),
(1193, '259007583', 2, 4, 0, 1476412087, 0),
(1194, '1337151841', 2, 4, 0, 1476412087, 0),
(1195, '3923417573', 2, 4, 0, 1476412088, 0),
(1196, '4032150775', 1, 2, 0, 1476412151, 0),
(1197, '2043037792', 1, 2, 0, 1476412151, 0),
(1198, '1901555405', 1, 2, 0, 1476412151, 0),
(1199, '863452493', 2, 5, 0, 1476412395, 0),
(1200, '4017679343', 2, 5, 0, 1476412395, 0),
(1201, '3953075740', 2, 5, 0, 1476412395, 0),
(1202, '1568465177', 1, 3, 0, 1476412460, 0),
(1203, '2986027399', 1, 3, 0, 1476412460, 0),
(1204, '2260081449', 1, 3, 0, 1476412460, 0),
(1205, '2738524397', 2, 4, 0, 1476412703, 0),
(1206, '433583280', 2, 4, 0, 1476412703, 0),
(1207, '3507470302', 2, 4, 0, 1476412704, 0),
(1208, '1754074751', 1, 1, 0, 1476412769, 0),
(1209, '4009492819', 1, 1, 0, 1476412769, 0),
(1210, '2010103272', 1, 1, 0, 1476412769, 0),
(1211, '4034037634', 2, 5, 0, 1476413011, 0),
(1212, '4034147173', 2, 5, 0, 1476413011, 0),
(1213, '3998623917', 2, 5, 0, 1476413011, 0),
(1214, '3139999252', 1, 2, 0, 1476413074, 0),
(1215, '1596296789', 1, 2, 0, 1476413074, 0),
(1216, '3211243198', 1, 2, 0, 1476413074, 0),
(1217, '1971261360', 2, 4, 0, 1476413317, 0),
(1218, '455037964', 2, 4, 0, 1476413317, 0),
(1219, '1340953571', 2, 4, 0, 1476413317, 0),
(1220, '4036065517', 1, 3, 0, 1476413379, 0),
(1221, '3748567735', 1, 3, 0, 1476413379, 0),
(1222, '3659284294', 1, 3, 0, 1476413380, 0),
(1223, '4031318201', 2, 5, 0, 1476413623, 0),
(1224, '4032502294', 2, 5, 0, 1476413623, 0),
(1225, '4035222337', 2, 5, 0, 1476413623, 0),
(1226, '2889397738', 1, 1, 0, 1476413691, 0),
(1227, '1818395170', 1, 1, 0, 1476413692, 0),
(1228, '4036336162', 1, 1, 0, 1476413692, 0),
(1229, '235027809', 2, 4, 0, 1476413934, 0),
(1230, '2168039994', 2, 4, 0, 1476413934, 0),
(1231, '543267761', 2, 4, 0, 1476413935, 0),
(1232, '4018006253', 1, 2, 0, 1476413999, 0),
(1233, '274965091', 1, 2, 0, 1476413999, 0),
(1234, '4034480533', 1, 2, 0, 1476413999, 0),
(1235, '4036849510', 2, 5, 0, 1476414242, 0),
(1236, '1645287261', 2, 5, 0, 1476414242, 0),
(1237, '4035492534', 2, 5, 0, 1476414242, 0),
(1238, '3870094796', 1, 3, 0, 1476414305, 0),
(1239, '4034011547', 1, 3, 0, 1476414305, 0),
(1240, '4035708174', 1, 3, 0, 1476414305, 0),
(1241, '1366617806', 2, 4, 0, 1476414549, 0),
(1242, '2078921647', 2, 4, 0, 1476414549, 0),
(1243, '397880780', 2, 4, 0, 1476414549, 0),
(1244, '262752488', 1, 1, 0, 1476414613, 0),
(1245, '4036580158', 1, 1, 0, 1476414613, 0),
(1246, '4034416076', 1, 1, 0, 1476414613, 0),
(1247, '3995756299', 2, 5, 0, 1476414857, 0),
(1248, '3943906646', 2, 5, 0, 1476414857, 0),
(1249, '4037037274', 2, 5, 0, 1476414857, 0),
(1250, '2227461153', 1, 2, 0, 1476414921, 0),
(1251, '240934533', 1, 2, 0, 1476414921, 0),
(1252, '3287420644', 1, 2, 0, 1476414921, 0),
(1253, '1961289843', 2, 4, 0, 1476415164, 0),
(1254, '3041312054', 2, 4, 0, 1476415164, 0),
(1255, '271592990', 2, 4, 0, 1476415164, 0),
(1256, '3683288997', 1, 3, 0, 1476415228, 0),
(1257, '178255177', 1, 3, 0, 1476415228, 0),
(1258, '1037634871', 1, 3, 0, 1476415228, 0),
(1259, '4036975293', 2, 5, 0, 1476415470, 0),
(1260, '4032511956', 2, 5, 0, 1476415470, 0),
(1261, '4036580686', 2, 5, 0, 1476415470, 0),
(1262, '4036595129', 1, 1, 0, 1476415533, 0),
(1263, '1557795283', 1, 1, 0, 1476415533, 0),
(1264, '4030076492', 1, 1, 0, 1476415533, 0),
(1265, '499027109', 2, 4, 0, 1476415776, 0),
(1266, '965304638', 2, 4, 0, 1476415776, 0),
(1267, '3974237295', 2, 4, 0, 1476415776, 0),
(1268, '4033646686', 1, 2, 0, 1476415840, 0),
(1269, '1445920', 1, 2, 0, 1476415840, 0),
(1270, '3249456574', 1, 2, 0, 1476415840, 0),
(1271, '4036731176', 2, 5, 0, 1476416083, 0),
(1272, '4034408668', 2, 5, 0, 1476416083, 0),
(1273, '211053369', 2, 5, 0, 1476416083, 0),
(1274, '4037086362', 1, 3, 0, 1476416147, 0),
(1275, '4029477332', 1, 3, 0, 1476416147, 0),
(1276, '1951919666', 1, 3, 0, 1476416147, 0),
(1277, '363987809', 2, 4, 0, 1476416389, 0),
(1278, '970997844', 2, 4, 0, 1476416389, 0),
(1279, '648554294', 2, 4, 0, 1476416390, 0),
(1280, '3965471440', 1, 1, 0, 1476416453, 0),
(1281, '4035440582', 1, 1, 0, 1476416453, 0),
(1282, '4030091912', 1, 1, 0, 1476416454, 0),
(1283, '1795507232', 2, 5, 0, 1476416698, 0),
(1284, '4034407628', 2, 5, 0, 1476416698, 0),
(1285, '3769068338', 2, 5, 0, 1476416698, 0),
(1286, '4033985655', 1, 2, 0, 1476416762, 0),
(1287, '1059802338', 1, 2, 0, 1476416762, 0),
(1288, '1602316781', 1, 2, 0, 1476416762, 0),
(1289, '3605012366', 2, 4, 0, 1476417005, 0),
(1290, '3867713774', 2, 4, 0, 1476417005, 0),
(1291, '272523058', 2, 4, 0, 1476417005, 0),
(1292, '4036079095', 1, 3, 0, 1476417068, 0),
(1293, '4036139114', 1, 3, 0, 1476417068, 0),
(1294, '4036216320', 1, 3, 0, 1476417068, 0),
(1295, '4030086476', 2, 5, 0, 1476417311, 0),
(1296, '4036995658', 2, 5, 0, 1476417311, 0),
(1297, '1911488398', 2, 5, 0, 1476417311, 0),
(1298, '3482045061', 1, 1, 0, 1476417374, 0),
(1299, '4035768837', 1, 1, 0, 1476417374, 0),
(1300, '4000100500', 1, 1, 0, 1476417374, 0),
(1301, '3513618292', 2, 4, 0, 1476417616, 0),
(1302, '294957651', 2, 4, 0, 1476417617, 0),
(1303, '3682882025', 2, 4, 0, 1476417617, 0),
(1304, '236861886', 1, 2, 0, 1476417679, 0),
(1305, '310450929', 1, 2, 0, 1476417679, 0),
(1306, '2156328730', 1, 2, 0, 1476417679, 0),
(1307, '3915820176', 2, 5, 0, 1476417922, 0),
(1308, '4034696414', 2, 5, 0, 1476417922, 0),
(1309, '2291746421', 2, 5, 0, 1476417922, 0),
(1310, '55265470', 1, 3, 0, 1476417985, 0),
(1311, '980045626', 1, 3, 0, 1476417985, 0),
(1312, '3128035107', 1, 3, 0, 1476417985, 0),
(1313, '1706051845', 2, 4, 0, 1476418228, 0),
(1314, '1318568650', 2, 4, 0, 1476418228, 0),
(1315, '1764721244', 2, 4, 0, 1476418228, 0),
(1316, '4009364644', 1, 1, 0, 1476418291, 0),
(1317, '1010885324', 1, 1, 0, 1476418291, 0),
(1318, '4035189256', 1, 1, 0, 1476418291, 0),
(1319, '4036126458', 2, 5, 0, 1476418534, 0),
(1320, '3861830214', 2, 5, 0, 1476418534, 0),
(1321, '3869753475', 2, 5, 0, 1476418534, 0),
(1322, '1088077888', 1, 2, 0, 1476418597, 0),
(1323, '3278241914', 1, 2, 0, 1476418597, 0),
(1324, '1637716840', 1, 2, 0, 1476418597, 0),
(1325, '1825656843', 2, 4, 0, 1476418841, 0),
(1326, '251707084', 2, 4, 0, 1476418841, 0),
(1327, '1625923297', 2, 4, 0, 1476418841, 0),
(1328, '4035987889', 1, 3, 0, 1476418906, 0),
(1329, '4034638814', 1, 3, 0, 1476418906, 0),
(1330, '4017274132', 1, 3, 0, 1476418906, 0),
(1331, '1506186996', 2, 5, 0, 1476419149, 0),
(1332, '4036041857', 2, 5, 0, 1476419149, 0),
(1333, '4018385177', 2, 5, 0, 1476419149, 0),
(1334, '4036177997', 1, 1, 0, 1476419212, 0),
(1335, '422095614', 1, 1, 0, 1476419212, 0),
(1336, '1202626612', 1, 1, 0, 1476419212, 0),
(1337, '2562090058', 2, 4, 0, 1476419455, 0),
(1338, '1775287116', 2, 4, 0, 1476419455, 0),
(1339, '1503424838', 2, 4, 0, 1476419455, 0),
(1340, '2953515657', 1, 2, 0, 1476419517, 0),
(1341, '4034915111', 1, 2, 0, 1476419518, 0),
(1342, '1490875039', 1, 2, 0, 1476419518, 0),
(1343, '4037280341', 2, 5, 0, 1476419762, 0),
(1344, '4009445971', 2, 5, 0, 1476419762, 0),
(1345, '4031123392', 2, 5, 0, 1476419762, 0),
(1346, '1459997827', 1, 3, 0, 1476419826, 0),
(1347, '1552877638', 1, 3, 0, 1476419826, 0),
(1348, '4034141443', 1, 3, 0, 1476419826, 0),
(1349, '4009816556', 2, 4, 0, 1476420070, 0),
(1350, '365198374', 2, 4, 0, 1476420070, 0),
(1351, '3162118326', 2, 4, 0, 1476420070, 0),
(1352, '16319775', 1, 1, 0, 1476420135, 0),
(1353, '4035261991', 1, 1, 0, 1476420135, 0),
(1354, '1767520148', 1, 1, 0, 1476420135, 0),
(1355, '511604357', 2, 5, 0, 1476420379, 0),
(1356, '4034522805', 2, 5, 0, 1476420379, 0),
(1357, '3924097983', 2, 5, 0, 1476420379, 0),
(1358, '4037102770', 1, 2, 0, 1476420442, 0),
(1359, '1557199531', 1, 2, 0, 1476420443, 0),
(1360, '2987227601', 1, 2, 0, 1476420443, 0),
(1361, '1341936494', 2, 4, 0, 1476420687, 0),
(1362, '30649727', 2, 4, 0, 1476420687, 0),
(1363, '3124407426', 2, 4, 0, 1476420687, 0),
(1364, '1316327183', 1, 3, 0, 1476420751, 0),
(1365, '4034255210', 1, 3, 0, 1476420751, 0),
(1366, '644034528', 1, 3, 0, 1476420752, 0),
(1367, '4036288304', 2, 5, 0, 1476420996, 0),
(1368, '4036158604', 2, 5, 0, 1476420996, 0),
(1369, '4036956411', 2, 5, 0, 1476420996, 0),
(1370, '4009498716', 1, 1, 0, 1476421060, 0),
(1371, '1611484176', 1, 1, 0, 1476421060, 0),
(1372, '4034410950', 1, 1, 0, 1476421060, 0),
(1373, '1415737228', 2, 4, 0, 1476421305, 0),
(1374, '211855928', 2, 4, 0, 1476421305, 0),
(1375, '367264776', 2, 4, 0, 1476421305, 0),
(1376, '30441423', 1, 2, 0, 1476421368, 0),
(1377, '634940991', 1, 2, 0, 1476421368, 0),
(1378, '1251766934', 1, 2, 0, 1476421368, 0),
(1379, '4034756171', 2, 5, 0, 1476421613, 0),
(1380, '3224525800', 2, 5, 0, 1476421613, 0),
(1381, '4034410475', 2, 5, 0, 1476421613, 0),
(1382, '3553719572', 1, 3, 0, 1476421678, 0),
(1383, '1539038815', 1, 3, 0, 1476421678, 0),
(1384, '4036117241', 1, 3, 0, 1476421678, 0),
(1385, '2202360439', 2, 4, 0, 1476421922, 0),
(1386, '35921645', 2, 4, 0, 1476421922, 0),
(1387, '3984668199', 2, 4, 0, 1476421922, 0),
(1388, '495481205', 1, 1, 0, 1476421985, 0),
(1389, '4036206619', 1, 1, 0, 1476421985, 0),
(1390, '4028584073', 1, 1, 0, 1476421985, 0),
(1391, '4034952389', 2, 5, 0, 1476422230, 0),
(1392, '4035754471', 2, 5, 0, 1476422230, 0),
(1393, '4036051171', 2, 5, 0, 1476422230, 0),
(1394, '3608377288', 1, 2, 0, 1476422294, 0),
(1395, '3133706433', 1, 2, 0, 1476422294, 0),
(1396, '1461578730', 1, 2, 0, 1476422294, 0),
(1397, '1408670751', 2, 4, 0, 1476422537, 0),
(1398, '300127572', 2, 4, 0, 1476422537, 0),
(1399, '1230057624', 2, 4, 0, 1476422537, 0),
(1400, '3481887723', 1, 3, 0, 1476422601, 0),
(1401, '4035822145', 1, 3, 0, 1476422601, 0),
(1402, '4034402008', 1, 3, 0, 1476422601, 0),
(1403, '3076511606', 2, 5, 0, 1476422844, 0),
(1404, '4034980956', 2, 5, 0, 1476422845, 0),
(1405, '3957120758', 2, 5, 0, 1476422845, 0),
(1406, '3625642242', 1, 1, 0, 1476422908, 0),
(1407, '2263882766', 1, 1, 0, 1476422908, 0),
(1408, '1806184424', 1, 1, 0, 1476422908, 0),
(1409, '3625626533', 2, 4, 0, 1476423151, 0),
(1410, '2897449471', 2, 4, 0, 1476423151, 0),
(1411, '1981662783', 2, 4, 0, 1476423151, 0),
(1412, '3994456334', 1, 2, 0, 1476423214, 0),
(1413, '568330573', 1, 2, 0, 1476423214, 0),
(1414, '1167389511', 1, 2, 0, 1476423214, 0),
(1415, '192011732', 2, 5, 0, 1476423456, 0),
(1416, '4036034092', 2, 5, 0, 1476423456, 0),
(1417, '4036208623', 2, 5, 0, 1476423457, 0),
(1418, '4036276850', 1, 3, 0, 1476423520, 0),
(1419, '3792312003', 1, 3, 0, 1476423520, 0),
(1420, '4037107209', 1, 3, 0, 1476423520, 0),
(1421, '594536713', 2, 4, 0, 1476423763, 0),
(1422, '3306581620', 2, 4, 0, 1476423763, 0),
(1423, '761181958', 2, 4, 0, 1476423763, 0),
(1424, '3074183329', 1, 1, 0, 1476423825, 0),
(1425, '3910059584', 1, 1, 0, 1476423826, 0),
(1426, '4000331497', 1, 1, 0, 1476423826, 0),
(1427, '4033566010', 2, 5, 0, 1476424068, 0),
(1428, '4036193130', 2, 5, 0, 1476424068, 0),
(1429, '4036189836', 2, 5, 0, 1476424068, 0),
(1430, '2037452164', 1, 2, 0, 1476424131, 0),
(1431, '3668758381', 1, 2, 0, 1476424132, 0),
(1432, '3915551626', 1, 2, 0, 1476424132, 0),
(1433, '2130375807', 2, 4, 0, 1476424375, 0),
(1434, '3892927169', 2, 4, 0, 1476424375, 0),
(1435, '1830348299', 2, 4, 0, 1476424375, 0),
(1436, '4036451560', 1, 3, 0, 1476424437, 0),
(1437, '1952215458', 1, 3, 0, 1476424437, 0),
(1438, '1528661842', 1, 3, 0, 1476424437, 0),
(1439, '1262652975', 2, 5, 0, 1476424680, 0),
(1440, '1754357096', 2, 5, 0, 1476424680, 0),
(1441, '4018861336', 2, 5, 0, 1476424680, 0),
(1442, '644923112', 1, 1, 0, 1476424745, 0),
(1443, '239841944', 1, 1, 0, 1476424745, 0),
(1444, '2204157571', 1, 1, 0, 1476424745, 0),
(1445, '212569127', 2, 4, 0, 1476424987, 0),
(1446, '3559502234', 2, 4, 0, 1476424987, 0),
(1447, '422931090', 2, 4, 0, 1476424987, 0),
(1448, '4037136824', 1, 2, 0, 1476425050, 0),
(1449, '4035902051', 1, 2, 0, 1476425050, 0),
(1450, '1647992328', 1, 2, 0, 1476425050, 0),
(1451, '4036001304', 2, 5, 0, 1476425295, 0),
(1452, '3496113708', 2, 5, 0, 1476425295, 0),
(1453, '4037230283', 2, 5, 0, 1476425295, 0),
(1454, '4037145116', 1, 3, 0, 1476425359, 0),
(1455, '4035437773', 1, 3, 0, 1476425359, 0),
(1456, '2701688214', 1, 3, 0, 1476425359, 0),
(1457, '3884375450', 2, 4, 0, 1476425601, 0),
(1458, '2995703327', 2, 4, 0, 1476425601, 0),
(1459, '1228565795', 2, 4, 0, 1476425601, 0),
(1460, '1126639264', 1, 1, 0, 1476425664, 0),
(1461, '3533691069', 1, 1, 0, 1476425664, 0),
(1462, '4032996093', 1, 1, 0, 1476425664, 0),
(1463, '3967474273', 2, 5, 0, 1476425906, 0),
(1464, '4032624486', 2, 5, 0, 1476425906, 0),
(1465, '4037352129', 2, 5, 0, 1476425906, 0),
(1466, '3565931227', 1, 2, 0, 1476425970, 0),
(1467, '1043520874', 1, 2, 0, 1476425970, 0),
(1468, '2831590216', 1, 2, 0, 1476425970, 0),
(1469, '285040344', 2, 4, 0, 1476426214, 0),
(1470, '638539757', 2, 4, 0, 1476426214, 0),
(1471, '1821423674', 2, 4, 0, 1476426214, 0),
(1472, '4037090970', 1, 3, 0, 1476426278, 0),
(1473, '1159597658', 1, 3, 0, 1476426278, 0),
(1474, '4035114643', 1, 3, 0, 1476426278, 0),
(1475, '512992966', 2, 5, 0, 1476426523, 0),
(1476, '4036208367', 2, 5, 0, 1476426523, 0),
(1477, '4036174329', 2, 5, 0, 1476426523, 0),
(1478, '1905949855', 1, 1, 0, 1476426588, 0),
(1479, '4034485827', 1, 1, 0, 1476426588, 0),
(1480, '2342502608', 1, 1, 0, 1476426588, 0),
(1481, '2241522080', 2, 4, 0, 1476426832, 0),
(1482, '253009847', 2, 4, 0, 1476426832, 0),
(1483, '1580833633', 2, 4, 0, 1476426832, 0),
(1484, '4034435500', 1, 2, 0, 1476426896, 0),
(1485, '1934131672', 1, 2, 0, 1476426896, 0),
(1486, '2323511002', 1, 2, 0, 1476426896, 0),
(1487, '4036721782', 2, 5, 0, 1476427140, 0),
(1488, '4010285641', 2, 5, 0, 1476427140, 0),
(1489, '4029047586', 2, 5, 0, 1476427140, 0),
(1490, '4036232995', 1, 3, 0, 1476427205, 0),
(1491, '1353754784', 1, 3, 0, 1476427205, 0),
(1492, '4034716885', 1, 3, 0, 1476427205, 0),
(1493, '353441535', 2, 4, 0, 1476427449, 0),
(1494, '4003943068', 2, 4, 0, 1476427449, 0),
(1495, '3946401462', 2, 4, 0, 1476427449, 0),
(1496, '4029235207', 1, 1, 0, 1476427515, 0),
(1497, '3010988171', 1, 1, 0, 1476427515, 0),
(1498, '4036434631', 1, 1, 0, 1476427515, 0),
(1499, '4036024626', 2, 5, 0, 1476427760, 0),
(1500, '4021379084', 2, 5, 0, 1476427760, 0),
(1501, '3456096067', 2, 5, 0, 1476427760, 0),
(1502, '1788205139', 1, 2, 0, 1476427826, 0),
(1503, '1467418892', 1, 2, 0, 1476427826, 0),
(1504, '3525675254', 1, 2, 0, 1476427826, 0),
(1505, '522074890', 2, 4, 0, 1476428075, 0),
(1506, '1829049995', 2, 4, 0, 1476428075, 0),
(1507, '3722072037', 2, 4, 0, 1476428075, 0),
(1508, '198512984', 1, 3, 0, 1476428142, 0),
(1509, '144643974', 1, 3, 0, 1476428142, 0),
(1510, '4037306305', 1, 3, 0, 1476428142, 0),
(1511, '3993897533', 2, 5, 0, 1476428386, 0),
(1512, '3650191654', 2, 5, 0, 1476428386, 0),
(1513, '3594391158', 2, 5, 0, 1476428386, 0),
(1514, '4030737850', 1, 1, 0, 1476428452, 0),
(1515, '4030158510', 1, 1, 0, 1476428452, 0),
(1516, '1773196955', 1, 1, 0, 1476428452, 0),
(1517, '2710771246', 2, 4, 0, 1476428696, 0),
(1518, '502476666', 2, 4, 0, 1476428696, 0),
(1519, '1368432143', 2, 4, 0, 1476428696, 0),
(1520, '622122285', 1, 2, 0, 1476428760, 0),
(1521, '2300192930', 1, 2, 0, 1476428760, 0),
(1522, '2311824330', 1, 2, 0, 1476428760, 0),
(1523, '4036421559', 2, 5, 0, 1476429005, 0),
(1524, '2989311877', 2, 5, 0, 1476429005, 0),
(1525, '4026922746', 2, 5, 0, 1476429005, 0),
(1526, '390206235', 1, 3, 0, 1476429070, 0),
(1527, '3905047364', 1, 3, 0, 1476429070, 0),
(1528, '4029315532', 1, 3, 0, 1476429070, 0),
(1529, '3988744845', 2, 4, 0, 1476429314, 0),
(1530, '1813580756', 2, 4, 0, 1476429314, 0),
(1531, '2283086123', 2, 4, 0, 1476429314, 0),
(1532, '4035290000', 1, 1, 0, 1476429379, 0),
(1533, '1592664977', 1, 1, 0, 1476429379, 0),
(1534, '3936179664', 1, 1, 0, 1476429380, 0),
(1535, '4036644339', 2, 5, 0, 1476429624, 0),
(1536, '4036574277', 2, 5, 0, 1476429624, 0),
(1537, '3966279030', 2, 5, 0, 1476429624, 0),
(1538, '1950254004', 1, 2, 0, 1476429687, 0),
(1539, '3567817656', 1, 2, 0, 1476429687, 0),
(1540, '2969328044', 1, 2, 0, 1476429688, 0),
(1541, '3986601877', 2, 4, 0, 1476429932, 0),
(1542, '3039349043', 2, 4, 0, 1476429932, 0),
(1543, '178585538', 2, 4, 0, 1476429932, 0),
(1544, '3036137082', 1, 3, 0, 1476429997, 0),
(1545, '4033050551', 1, 3, 0, 1476429997, 0),
(1546, '3659140074', 1, 3, 0, 1476429997, 0),
(1547, '4035791432', 2, 5, 0, 1476430241, 0),
(1548, '4036069799', 2, 5, 0, 1476430241, 0),
(1549, '2208946623', 2, 5, 0, 1476430241, 0),
(1550, '2114754442', 1, 1, 0, 1476430305, 0),
(1551, '4032429462', 1, 1, 0, 1476430305, 0),
(1552, '4036400616', 1, 1, 0, 1476430306, 0),
(1553, '1606459205', 2, 4, 0, 1476430550, 0),
(1554, '285730045', 2, 4, 0, 1476430550, 0),
(1555, '269459228', 2, 4, 0, 1476430550, 0),
(1556, '4037049097', 1, 2, 0, 1476430614, 0),
(1557, '3285807159', 1, 2, 0, 1476430614, 0),
(1558, '4034682745', 1, 2, 0, 1476430614, 0),
(1559, '1197717677', 2, 5, 0, 1476430858, 0),
(1560, '4005183661', 2, 5, 0, 1476430858, 0),
(1561, '1694816158', 2, 5, 0, 1476430858, 0),
(1562, '4033028615', 1, 3, 0, 1476430923, 0),
(1563, '4036638954', 1, 3, 0, 1476430923, 0),
(1564, '1663336462', 1, 3, 0, 1476430923, 0),
(1565, '3645952546', 2, 4, 0, 1476431167, 0),
(1566, '255568471', 2, 4, 0, 1476431167, 0),
(1567, '3995509161', 2, 4, 0, 1476431167, 0),
(1568, '3952093072', 1, 1, 0, 1476431232, 0),
(1569, '4036535109', 1, 1, 0, 1476431232, 0),
(1570, '4036000210', 1, 1, 0, 1476431233, 0),
(1571, '4025853468', 2, 5, 0, 1476431477, 0),
(1572, '4036012408', 2, 5, 0, 1476431477, 0),
(1573, '3254829618', 2, 5, 0, 1476431477, 0),
(1574, '275547550', 1, 2, 0, 1476431542, 0),
(1575, '4035080200', 1, 2, 0, 1476431542, 0),
(1576, '3915650277', 1, 2, 0, 1476431542, 0),
(1577, '2280987928', 2, 4, 0, 1476431786, 0),
(1578, '317496214', 2, 4, 0, 1476431787, 0),
(1579, '186585892', 2, 4, 0, 1476431787, 0),
(1580, '2054187995', 1, 3, 0, 1476431850, 0),
(1581, '461732313', 1, 3, 0, 1476431850, 0),
(1582, '1425937099', 1, 3, 0, 1476431850, 0),
(1583, '1583791455', 2, 5, 0, 1476432095, 0),
(1584, '4036765969', 2, 5, 0, 1476432095, 0),
(1585, '4016915900', 2, 5, 0, 1476432095, 0),
(1586, '4035944793', 1, 1, 0, 1476432159, 0),
(1587, '3441753901', 1, 1, 0, 1476432159, 0),
(1588, '342529950', 1, 1, 0, 1476432159, 0),
(1589, '612543376', 2, 4, 0, 1476432403, 0),
(1590, '612195861', 2, 4, 0, 1476432403, 0),
(1591, '595599972', 2, 4, 0, 1476432403, 0),
(1592, '1365800696', 1, 2, 0, 1476432467, 0),
(1593, '2125890204', 1, 2, 0, 1476432467, 0),
(1594, '270771645', 1, 2, 0, 1476432467, 0),
(1595, '1718792468', 2, 5, 0, 1476432711, 0),
(1596, '4037403299', 2, 5, 0, 1476432711, 0),
(1597, '4035711303', 2, 5, 0, 1476432711, 0),
(1598, '4036734732', 1, 3, 0, 1476432776, 0),
(1599, '4037221702', 1, 3, 0, 1476432776, 0),
(1600, '3527804825', 1, 3, 0, 1476432776, 0),
(1601, '1091748182', 2, 4, 0, 1476433020, 0),
(1602, '677215696', 2, 4, 0, 1476433020, 0),
(1603, '938603161', 2, 4, 0, 1476433020, 0),
(1604, '4030785036', 1, 1, 0, 1476433085, 0),
(1605, '3906301282', 1, 1, 0, 1476433085, 0),
(1606, '3522098817', 1, 1, 0, 1476433085, 0),
(1607, '3834882189', 2, 5, 0, 1476433327, 0),
(1608, '997688480', 2, 5, 0, 1476433327, 0),
(1609, '4026755293', 2, 5, 0, 1476433327, 0),
(1610, '35573746', 1, 2, 0, 1476433394, 0),
(1611, '4036593684', 1, 2, 0, 1476433394, 0),
(1612, '1588667107', 1, 2, 0, 1476433394, 0),
(1613, '1392676459', 1, 3, 0, 1476433698, 0),
(1614, '4036439784', 1, 3, 0, 1476433699, 0),
(1615, '4033936795', 1, 3, 0, 1476433699, 0);

-- --------------------------------------------------------

--
-- Table structure for table `payment`
--

CREATE TABLE `payment` (
  `value` float DEFAULT NULL,
  `date` int(4) DEFAULT NULL,
  `id` int(20) NOT NULL,
  `client_id` int(20) NOT NULL
) ENGINE=InnoDB DEFAULT CHARSET=latin1;

-- --------------------------------------------------------

--
-- Table structure for table `reference_profile`
--

CREATE TABLE `reference_profile` (
  `id` int(1) NOT NULL,
  `insta_name` varchar(100) DEFAULT NULL,
  `insta_id` varchar(100) NOT NULL,
  `client_id` int(20) NOT NULL,
  `insta_follower_cursor` varchar(250) CHARACTER SET utf8 COLLATE utf8_bin DEFAULT NULL
) ENGINE=InnoDB DEFAULT CHARSET=latin1;

--
-- Dumping data for table `reference_profile`
--

INSERT INTO `reference_profile` (`id`, `insta_name`, `insta_id`, `client_id`, `insta_follower_cursor`) VALUES
(1, 'cristiano', '173560420', 1, 'AQD5hGxNqnJxXIo_DBlgS2k6jJrFcim4eZXK7PrkBqRbOXAxNjdcIdrQGDTnEqHGrBbTv_na9oYCxdXSnlenh-q4jQFYy9BBFWM9HLD2X0gzwbHCqECsoAJ0xxiySHuyI-U'),
(2, 'brunomars', '20053826', 1, 'AQDa-bn647N4dOfjJkbWASzqrKlo2AY8BY40Vk01-RC0x5msYi8PLB7vh-GYxfyU_YF-Uokbxvjn93eYmR8E-M8DG7NSZnt6-IHRnPocsyo-DpPqqrOv3GU4W9NJ1IxAvfY'),
(3, 'katyperry', '407964088', 1, 'AQChfbRNHm-wpQa3LkuuqChQ_R2GxS1cisgW2YsZpNmtvfk4UD2_DQKaSrkQDz_c8BSdGl9lVmf2UARWal20NyMk6kpmX0pQdKsLruBlBuTr7TcKsHoxG-6d4TtKmHmk8w4'),
(4, 'plazaniteroi', '576130566', 2, 'AQBygBnJju4Ep-dXV7Z_rs9vdePobVDLHmBC6mUp-XVCf2B2i2tNCAJsUQp8Q0pqak9lCSpQtvNaX7ZWHkgCSreV1eVTmMgFKus00NGgZx9_8E51szmcJ6cvfJTr-h0KoYY'),
(5, 'nike', '13460080', 2, 'AQA1moK533Jz9TlEJkPqnn-2m7CBjuXekbyJeoFJ2bhnBEf3dtnMFO74RetRcsdc20EmflKK50D8TpxNgoJEiOZr_xqlgKsdrWHNen845gNawC1XiXH48dvyvs4grJT-ME8'),
(6, 'ofelipeguga', '260616653', 3, NULL),
(8, 'gabrielapugliesi', '29797722', 3, NULL),
(9, 't.t.burger', '477656499', 3, NULL),
(10, 'restaurantemanekineko', '175617464', 5, NULL),
(11, 'caopanheirolabra', '42588053', 6, NULL),
(12, 'neymarjr', '26669533', 7, NULL),
(13, 'bielmaciel', '14675186', 7, NULL),
(14, 'prateadobass', '189936641', 7, NULL);

-- --------------------------------------------------------

--
-- Table structure for table `robot`
--

CREATE TABLE `robot` (
  `id` int(1) NOT NULL,
  `IP` varchar(50) NOT NULL,
  `dir` varchar(200) NOT NULL
) ENGINE=InnoDB DEFAULT CHARSET=latin1;

-- --------------------------------------------------------

--
-- Table structure for table `system_config`
--

CREATE TABLE `system_config` (
  `id` bigint(20) UNSIGNED NOT NULL,
  `key` varchar(50) NOT NULL,
  `value` varchar(250) NOT NULL
) ENGINE=InnoDB DEFAULT CHARSET=latin1;

-- --------------------------------------------------------

--
-- Table structure for table `users`
--

CREATE TABLE `users` (
  `id` int(10) NOT NULL,
  `name` varchar(100) NOT NULL,
  `login` varchar(100) NOT NULL,
  `pass` varchar(50) NOT NULL,
  `email` varchar(80) DEFAULT NULL,
  `telf` varchar(15) DEFAULT NULL,
  `role_id` int(1) NOT NULL,
  `status_id` int(1) NOT NULL,
  `languaje` varchar(6) NOT NULL
) ENGINE=InnoDB DEFAULT CHARSET=latin1;

--
-- Dumping data for table `users`
--

INSERT INTO `users` (`id`, `name`, `login`, `pass`, `email`, `telf`, `role_id`, `status_id`, `languaje`) VALUES
(1, 'Alberto', 'albertoreyesd84', 'alberto', 'albertord84@gmail.com', '12344321', 2, 1, 'EN'),
(2, 'Jose Ramon', 'josergm86', 'joseramon', 'asdf@asdf.com', NULL, 2, 1, 'PT'),
(3, 'Pedro Petti', 'pedropetti', '75005310', NULL, NULL, 2, 5, 'PT'),
(5, 'smartsushidelivery', 'smartsushidelivery', '838485', NULL, NULL, 2, 5, ''),
(6, 'luna_westie', 'luna_westie', 'luna.0404', NULL, NULL, 2, 1, ''),
(7, 'fabricio.uchoa', 'fabricio.uchoa', 'f4br1c10', NULL, NULL, 2, 1, '');

-- --------------------------------------------------------

--
-- Table structure for table `user_role`
--

CREATE TABLE `user_role` (
  `id` int(1) NOT NULL,
  `name` varchar(50) NOT NULL
) ENGINE=InnoDB DEFAULT CHARSET=latin1;

--
-- Dumping data for table `user_role`
--

INSERT INTO `user_role` (`id`, `name`) VALUES
(1, 'ADMIN'),
(2, 'CLIENT'),
(3, 'ATTENDET');

-- --------------------------------------------------------

--
-- Table structure for table `user_status`
--

CREATE TABLE `user_status` (
  `id` int(1) NOT NULL,
  `name` varchar(30) DEFAULT NULL
) ENGINE=InnoDB DEFAULT CHARSET=latin1;

--
-- Dumping data for table `user_status`
--

INSERT INTO `user_status` (`id`, `name`) VALUES
(1, 'ACTIVE'),
(5, 'INACTIVE');

-- --------------------------------------------------------

--
-- Table structure for table `worker`
--

CREATE TABLE `worker` (
  `id` int(1) NOT NULL,
  `IP` varchar(50) NOT NULL,
  `dir` varchar(200) NOT NULL
) ENGINE=InnoDB DEFAULT CHARSET=latin1;

-- --------------------------------------------------------

--
-- Table structure for table `worker_robot`
--

CREATE TABLE `worker_robot` (
  `worker_id` int(1) NOT NULL,
  `robot_id` int(1) NOT NULL
) ENGINE=InnoDB DEFAULT CHARSET=latin1;

--
-- Indexes for dumped tables
--

--
-- Indexes for table `clients`
--
ALTER TABLE `clients`
  ADD PRIMARY KEY (`user_id`),
  ADD KEY `credit_card_status_id` (`credit_card_status_id`),
  ADD KEY `user_id` (`user_id`);

--
-- Indexes for table `credit_card_status`
--
ALTER TABLE `credit_card_status`
  ADD PRIMARY KEY (`id`);

--
-- Indexes for table `daily_work`
--
ALTER TABLE `daily_work`
  ADD PRIMARY KEY (`reference_id`),
  ADD UNIQUE KEY `reference_id serial` (`reference_id`),
  ADD KEY `profile_reference` (`reference_id`);

--
-- Indexes for table `followed`
--
ALTER TABLE `followed`
  ADD PRIMARY KEY (`id`),
  ADD KEY `reference_id` (`reference_id`),
  ADD KEY `client_id` (`client_id`);

--
-- Indexes for table `payment`
--
ALTER TABLE `payment`
  ADD PRIMARY KEY (`id`),
  ADD KEY `client_id` (`client_id`);

--
-- Indexes for table `reference_profile`
--
ALTER TABLE `reference_profile`
  ADD PRIMARY KEY (`id`),
  ADD KEY `client_id` (`client_id`);

--
-- Indexes for table `robot`
--
ALTER TABLE `robot`
  ADD PRIMARY KEY (`id`);

--
-- Indexes for table `system_config`
--
ALTER TABLE `system_config`
  ADD PRIMARY KEY (`id`),
  ADD UNIQUE KEY `id` (`id`);

--
-- Indexes for table `users`
--
ALTER TABLE `users`
  ADD PRIMARY KEY (`id`),
  ADD KEY `role_id` (`role_id`),
  ADD KEY `status_id` (`status_id`);

--
-- Indexes for table `user_role`
--
ALTER TABLE `user_role`
  ADD PRIMARY KEY (`id`),
  ADD UNIQUE KEY `id` (`id`),
  ADD KEY `id_2` (`id`);

--
-- Indexes for table `user_status`
--
ALTER TABLE `user_status`
  ADD PRIMARY KEY (`id`);

--
-- Indexes for table `worker`
--
ALTER TABLE `worker`
  ADD PRIMARY KEY (`id`);

--
-- Indexes for table `worker_robot`
--
ALTER TABLE `worker_robot`
  ADD KEY `worker_id` (`worker_id`),
  ADD KEY `robot_id` (`robot_id`);

--
-- AUTO_INCREMENT for dumped tables
--

--
-- AUTO_INCREMENT for table `credit_card_status`
--
ALTER TABLE `credit_card_status`
  MODIFY `id` int(1) NOT NULL AUTO_INCREMENT;
--
-- AUTO_INCREMENT for table `followed`
--
ALTER TABLE `followed`
  MODIFY `id` int(20) NOT NULL AUTO_INCREMENT, AUTO_INCREMENT=1616;
--
-- AUTO_INCREMENT for table `payment`
--
ALTER TABLE `payment`
  MODIFY `id` int(20) NOT NULL AUTO_INCREMENT;
--
-- AUTO_INCREMENT for table `reference_profile`
--
ALTER TABLE `reference_profile`
  MODIFY `id` int(1) NOT NULL AUTO_INCREMENT, AUTO_INCREMENT=15;
--
-- AUTO_INCREMENT for table `robot`
--
ALTER TABLE `robot`
  MODIFY `id` int(1) NOT NULL AUTO_INCREMENT;
--
-- AUTO_INCREMENT for table `system_config`
--
ALTER TABLE `system_config`
  MODIFY `id` bigint(20) UNSIGNED NOT NULL AUTO_INCREMENT;
--
-- AUTO_INCREMENT for table `users`
--
ALTER TABLE `users`
  MODIFY `id` int(10) NOT NULL AUTO_INCREMENT, AUTO_INCREMENT=8;
--
-- AUTO_INCREMENT for table `user_role`
--
ALTER TABLE `user_role`
  MODIFY `id` int(1) NOT NULL AUTO_INCREMENT, AUTO_INCREMENT=4;
--
-- AUTO_INCREMENT for table `user_status`
--
ALTER TABLE `user_status`
  MODIFY `id` int(1) NOT NULL AUTO_INCREMENT, AUTO_INCREMENT=6;
--
-- AUTO_INCREMENT for table `worker`
--
ALTER TABLE `worker`
  MODIFY `id` int(1) NOT NULL AUTO_INCREMENT;
--
-- Constraints for dumped tables
--

--
-- Constraints for table `clients`
--
ALTER TABLE `clients`
  ADD CONSTRAINT `fk_credit_card_status` FOREIGN KEY (`credit_card_status_id`) REFERENCES `credit_card_status` (`id`) ON DELETE CASCADE ON UPDATE CASCADE,
  ADD CONSTRAINT `fk_user_id` FOREIGN KEY (`user_id`) REFERENCES `users` (`id`) ON DELETE CASCADE ON UPDATE CASCADE;

--
-- Constraints for table `followed`
--
ALTER TABLE `followed`
  ADD CONSTRAINT `fk_client_followed` FOREIGN KEY (`client_id`) REFERENCES `clients` (`user_id`) ON DELETE NO ACTION ON UPDATE NO ACTION,
  ADD CONSTRAINT `fk_reference` FOREIGN KEY (`reference_id`) REFERENCES `reference_profile` (`id`) ON DELETE CASCADE ON UPDATE CASCADE;

--
-- Constraints for table `payment`
--
ALTER TABLE `payment`
  ADD CONSTRAINT `fk_client_payment` FOREIGN KEY (`client_id`) REFERENCES `clients` (`user_id`) ON DELETE CASCADE ON UPDATE CASCADE;

--
-- Constraints for table `reference_profile`
--
ALTER TABLE `reference_profile`
  ADD CONSTRAINT `fk_client_reference_profile` FOREIGN KEY (`client_id`) REFERENCES `clients` (`user_id`) ON DELETE CASCADE ON UPDATE CASCADE;

--
-- Constraints for table `users`
--
ALTER TABLE `users`
  ADD CONSTRAINT `fk_user_role` FOREIGN KEY (`role_id`) REFERENCES `user_role` (`id`) ON DELETE CASCADE ON UPDATE CASCADE,
  ADD CONSTRAINT `fk_user_status` FOREIGN KEY (`status_id`) REFERENCES `user_status` (`id`) ON DELETE CASCADE ON UPDATE CASCADE;

--
-- Constraints for table `worker_robot`
--
ALTER TABLE `worker_robot`
  ADD CONSTRAINT `fk_robot` FOREIGN KEY (`robot_id`) REFERENCES `robot` (`id`) ON DELETE CASCADE ON UPDATE CASCADE,
  ADD CONSTRAINT `fk_worker` FOREIGN KEY (`worker_id`) REFERENCES `worker` (`id`) ON DELETE CASCADE ON UPDATE CASCADE;

/*!40101 SET CHARACTER_SET_CLIENT=@OLD_CHARACTER_SET_CLIENT */;
/*!40101 SET CHARACTER_SET_RESULTS=@OLD_CHARACTER_SET_RESULTS */;
/*!40101 SET COLLATION_CONNECTION=@OLD_COLLATION_CONNECTION */;
